datetime,Q1,Q2,Q3,Q4,Q5
2020-10-09,0.007310689,-0.0028626507,-0.003966715,-0.0018884802,0.0009082639
2020-10-12,-0.0038162684,-0.0054357625,-0.008849094,-0.006111553,-0.006977861
2020-10-13,-0.006744474,-0.00831772,-0.0021410072,-0.0062455432,-0.0067137834
2020-10-14,-0.008636069,-0.003971126,0.0005215818,-0.0034271635,-0.00274319
2020-10-15,-0.014056811,-0.007151483,-0.0057846084,-0.005718908,-0.010460952
2020-10-16,0.0071149366,0.00750723,0.008938858,0.005842827,0.014421663
2020-10-19,-0.0071084755,-0.008804393,-0.0057124905,-0.011301233,-0.014560455
2020-10-20,-0.0055032885,-0.0019066817,-0.004704412,-0.003767323,-0.00459053
2020-10-21,-0.009778893,-0.007269119,-0.010901147,-0.011071143,-0.020919561
2020-10-22,-0.0048707663,-0.0031871372,-0.003235413,-0.0023440616,0.0045856787
2020-10-23,-0.005717161,-0.0053119496,-0.004125429,0.0015102994,0.006656579
2020-10-26,0.0038761764,0.00017515362,0.0045569125,0.00497114,0.0056221616
2020-10-27,-0.0017304724,-4.0156247e-05,0.0006734952,-0.0005254996,0.00037584364
2020-10-28,-0.021266956,-0.022059588,-0.022843542,-0.024970504,-0.023836995
2020-10-29,0.016726043,-0.0020604387,0.0024378442,-0.0019529371,0.000866034
2020-10-30,0.014517662,0.019820534,0.01997999,0.016218776,0.016332198
2020-11-02,0.0023629172,-0.0032264555,-0.0045622545,-0.0038184875,-0.0041855383
2020-11-03,0.022394326,0.015484652,0.01809901,0.019377705,0.021662557
2020-11-04,-0.007272386,-0.0046073277,-0.003047574,-0.004032942,-0.0113812415
2020-11-05,0.017932048,0.017650245,0.020958373,0.018660009,0.016249932
2020-11-06,-0.0033922016,-0.0071686227,-0.0076045925,-0.009501786,-0.0077671795
2020-11-09,-0.018219622,-0.010007102,-2.3235083e-05,-0.0070290114,-0.007102278
2020-11-10,0.0058398903,0.0015179783,0.0013940877,0.0018498265,-0.00061497686
2020-11-11,-0.006699435,-0.0059462255,0.000867719,-0.0021623725,0.0040761824
2020-11-12,0.022743259,0.015057665,0.011775732,0.014145998,0.009963389
2020-11-13,-0.0049831043,-0.006391108,-0.0007221049,-0.0032971285,-0.008358314
2020-11-16,0.005474691,0.005033945,0.0008400452,0.0019035002,0.00013885439
2020-11-17,-0.0067642992,0.00058670656,-6.461442e-05,0.005466319,0.0064929263
2020-11-18,0.018162929,0.007520094,0.0048579937,0.006907784,0.009723908
2020-11-19,0.011913058,0.0088627,0.00650648,0.010522464,0.003114826
2020-11-20,0.0076560574,-0.0011386347,-0.001336881,-0.0009820985,-0.0040002726
2020-11-23,-0.023751397,-0.014995132,-0.013830531,-0.010324635,-0.016080389
2020-11-24,-0.0034311123,-0.0013914097,-0.0005337286,0.0006106327,-0.003363225
2020-11-25,-0.0011785859,0.0018654246,0.0028190746,0.005648668,0.0030093628
2020-11-26,-0.0016595047,-0.008295417,-0.0036290698,-0.002681892,-0.007043126
2020-11-27,0.014938011,0.014265253,0.015966155,0.015689129,0.018002784
2020-11-30,0.0016523743,0.00299189,0.0027671494,0.0017410716,0.0016293346
2020-12-01,-0.0017695129,-0.0012977105,0.003015254,-0.0004196438,-0.0036134827
2020-12-02,0.0036799926,0.0052605537,-0.0009335464,0.00020967891,0.0017213296
2020-12-03,-0.0024343748,-0.008476151,-0.011382332,-0.008710379,-0.011314053
2020-12-04,-0.0054909824,0.00056444696,-0.0029490807,-0.0018852697,-0.0008130366
2020-12-07,-0.01530503,-0.018414754,-0.020774087,-0.018920425,-0.01799952
2020-12-08,-5.453229e-06,0.0015154112,-0.0024137702,0.0014842707,0.004317064
2020-12-09,-0.0180027,-0.018670194,-0.013932052,-0.015864376,-0.01847286
2020-12-10,0.007956889,0.003124582,0.008321305,5.2437783e-05,0.012604509
2020-12-11,0.00030199945,0.00045177757,0.004742154,-0.0029785568,0.0024724638
2020-12-14,-0.0052640312,-0.008227741,-0.009643961,-0.002860722,-0.004142918
2020-12-15,0.01031615,0.013310629,0.008649352,0.012674787,0.015710363
2020-12-16,-0.0024626274,-0.0046322956,0.0014788121,-0.0009069818,-0.00781568
2020-12-17,0.019080732,0.009260761,0.00805309,0.015408247,0.015031414
2020-12-18,-0.026423678,-0.023179311,-0.019737983,-0.021314252,-0.021808924
2020-12-21,0.014385386,0.007811324,0.0033356047,0.0027455979,0.0022884207
2020-12-22,-0.017885312,-0.017571438,-0.017251132,-0.010318232,-0.018506289
2020-12-23,0.018571176,0.0028962856,0.011183262,0.011386449,0.00840575
2020-12-24,-0.0067516053,-0.0072377957,-0.0094139865,-0.011910442,-0.010185762
2020-12-25,-0.029751396,0.0019909518,0.0067800917,0.0040161354,0.005880271
2020-12-28,0.014239308,0.005073614,0.0045715775,0.006442749,0.006203046
2020-12-29,0.013275871,0.013983572,0.0093655195,0.012283765,0.017363014
2020-12-30,0.015122891,0.009660694,0.00537862,0.009251241,0.014332823
2020-12-31,0.006750856,0.005170662,0.0033381635,0.003956252,0.009630494
2021-01-04,-0.0036640621,-0.0038995345,-0.0047780704,-0.008508891,-0.00036646426
2021-01-05,0.0067464276,-0.0053541907,-0.0077391975,-0.015062089,-0.01450547
2021-01-06,-0.005476664,4.092276e-05,0.0069526653,0.010683294,0.021518035
2021-01-07,-0.01639925,-0.019842507,-0.011836566,-0.017815398,-0.015792811
2021-01-08,0.015662093,0.006177279,0.00987115,0.007847276,0.011108177
2021-01-11,-0.00639016,-0.002792389,-0.00044581565,-0.0068465574,-0.013089078
2021-01-12,-0.015138704,-0.0015007595,0.002424708,0.0031474077,0.0034074099
2021-01-13,-0.010231986,-0.0021450398,0.0036080468,-0.0021674174,0.006519199
2021-01-14,0.019999353,0.0092503335,0.004243925,0.0070678927,0.022308389
2021-01-15,-0.0007910957,7.068208e-05,0.0050514108,-0.00254608,-0.003853025
2021-01-18,0.011384905,0.0028864609,0.001232591,0.00012831195,0.002767083
2021-01-19,0.0032870474,0.00777627,0.004729799,0.01320524,0.018773766
2021-01-20,0.0035050535,-0.0027739587,-0.0090726605,-0.009900743,-0.015693342
2021-01-21,0.0057288017,-0.004277991,-0.008513783,-0.0140745565,-0.004480569
2021-01-22,-0.019398227,-0.009693229,-0.011499882,-0.009455869,-0.008281879
2021-01-25,-0.00052951335,-0.0010023888,0.0031641016,0.0059073213,0.003017991
2021-01-26,-0.020225286,-0.01059269,-0.014542917,-0.012891478,-0.01858438
2021-01-27,-0.007908745,-0.013439928,-0.013802328,-0.014576066,-0.016097713
2021-01-28,-0.0020267738,-0.00078719674,0.0052445554,0.0077282526,0.010767365
2021-01-29,-0.00031151055,-0.0031890227,0.0010845572,0.005949146,0.018101793
2021-02-01,-0.01011664,-0.0072961356,-0.01057009,-0.013143296,-0.015653046
2021-02-02,-0.012505872,-0.014393192,-0.0131601235,-0.012174433,-0.015745612
2021-02-03,-0.019577539,-0.0018721807,-0.0038715391,-0.010260879,-0.019872325
2021-02-04,0.01782071,0.0045768027,0.008646346,0.006359253,0.011279554
2021-02-05,0.014517949,0.013227601,0.014598522,0.019843495,0.029291868
2021-02-08,0.01100011,0.0062588663,0.008657382,0.003947928,0.007872174
2021-02-09,0.013912215,0.023787737,0.024741337,0.021071877,0.0228467
2021-02-10,0.005847236,0.021245915,0.026520586,0.033795334,0.032905813
2021-02-18,0.008932863,0.0064316876,0.008774674,0.008038903,-0.011258371
2021-02-19,-0.004787094,-0.0048082424,-0.006318766,-0.0034258037,0.0004890406
2021-02-22,-0.013929283,0.00033472182,-0.003998781,0.0012119502,-0.01609198
2021-02-23,-0.009700168,0.0006518358,-0.00135405,0.0014094741,-0.005179614
2021-02-24,-0.021194601,-0.018345945,-0.010951363,-0.013153218,-0.019518565
2021-02-25,0.019146116,0.017065136,0.017302321,0.016981179,0.020689141
2021-02-26,-0.010144082,-0.0076880236,-0.0042273956,-0.004487169,-0.0021518248
2021-03-01,0.022440042,0.018891783,0.01407527,0.0114457775,0.012900317
2021-03-02,-0.010139937,-0.003254422,-0.008186481,-0.007398248,-0.019756021
2021-03-03,-0.009825941,-0.00018899859,0.005901056,0.005055217,0.0065519423
2021-03-04,-0.009206595,-0.009843912,-0.010369472,-0.011117376,-0.035181515
2021-03-05,-0.023146039,-0.013950751,-0.019843243,-0.01882846,-0.025626292
2021-03-08,-0.009758214,-0.013645971,-0.016924951,-0.010802359,-0.0048757982
2021-03-09,0.029561615,0.022220053,0.019836508,0.01781401,0.022950735
2021-03-10,0.002418264,-0.00023836315,0.0028132957,0.00067761063,0.003804062
2021-03-11,0.003515997,-0.0022442024,-0.0021148867,-0.0041174223,-0.0063016973
2021-03-12,0.00081131817,0.0070192586,0.004691891,0.0054741953,0.011696031
2021-03-15,-0.009085398,0.0017424386,0.0054494375,0.00073724566,0.013234096
2021-03-16,0.008867122,0.0060360734,0.002726633,-0.0012607896,0.0063363626
2021-03-17,-0.007250839,-0.009980914,-0.008347154,-0.0020818366,-0.008737646
2021-03-18,0.025247956,0.015466864,0.016599597,0.0128366565,0.014841151
2021-03-19,-0.021034665,-0.009233666,-0.0076116165,-0.0075133587,-0.014410117
2021-03-22,-0.0092411535,-0.008001525,-0.010700221,-0.005218095,-0.014680557
2021-03-23,-0.003917591,0.0005161112,-0.0023488444,0.002735617,0.006356048
2021-03-24,0.014976094,0.0069709425,0.010177612,0.011974824,0.019483386
2021-03-25,-0.0021772569,0.000793466,0.0011186877,0.0008802581,0.003716619
2021-03-26,-0.0054944362,-0.00080202817,0.0015323993,0.0016065538,0.0015046155
2021-03-29,-0.0012835854,-0.003050907,-0.0020566047,0.0028958651,-0.0011417854
2021-03-30,0.0118828425,0.011458936,0.0053693135,0.0046240543,0.0048134197
2021-03-31,-0.0019871963,-3.4635068e-05,-0.00081302645,0.0009984416,0.00366055
2021-04-01,0.004518024,0.0025685763,0.0048161284,0.0049892003,0.0035486335
2021-04-02,0.0025086491,0.0040229177,0.0055504297,0.004051665,0.0028727562
2021-04-06,-0.00090205314,-0.0042445166,-0.0013680768,-0.0021552008,-0.0019012409
2021-04-07,0.0037118518,0.0008492607,-0.0027819723,-0.0017881579,-0.0059768157
2021-04-08,-0.011355588,-0.013906019,-0.012327652,-0.011793052,-0.0087207
2021-04-09,-0.013114531,-0.0060482756,-0.006522767,-0.0048379325,-0.0017224831
2021-04-12,0.007172307,0.007806337,0.006065801,0.008611752,0.016252102
2021-04-13,8.6925626e-05,-0.0003786999,-0.000960778,-0.002881592,-0.0021975017
2021-04-14,0.008038186,0.012964334,0.018286912,0.014962936,0.011935365
2021-04-15,0.009548281,0.0079107545,0.011516936,0.009556415,0.012908962
2021-04-16,0.0029695649,7.221997e-05,-0.00439599,-0.0044923066,-0.00090093794
2021-04-19,0.0010318888,-0.0054727737,-0.006052612,-0.0020079536,0.00093524216
2021-04-20,0.006505932,0.0028930379,0.00087288796,0.0014164066,0.004516302
2021-04-21,-0.0002678901,-0.00043779434,-0.0027763683,-0.0039566047,-0.0016643346
2021-04-22,-0.0049314457,-0.007184159,-0.0054287785,-0.0010167337,-0.0029648084
2021-04-23,0.0052221483,-0.004412139,-0.0049648313,-0.0030168276,-0.0076356707
2021-04-26,0.010112946,0.0011471825,0.00402324,0.007117607,0.0068136966
2021-04-27,-0.00056812464,0.0017039317,0.0021633115,0.00058000087,-0.0009994996
2021-04-28,0.008878728,-0.00691966,-0.011209912,-0.012531625,-0.004090033
2021-04-29,0.010628908,0.006414356,0.0039019831,0.003225093,0.0007630322
2021-04-30,-0.010340507,-0.0052061533,-0.0006035978,0.0041674622,0.0024699795
2021-05-06,0.01700161,0.007923311,0.002106534,-0.00067101896,-0.0038488687
2021-05-07,-0.013226386,0.0026433445,0.005486145,0.0058243,0.00486467
2021-05-10,0.01616948,0.006855528,0.0059359157,0.0046970085,0.010189653
2021-05-11,-0.026392603,-0.008103859,-0.0018268017,-0.0038333535,-0.0018807787
2021-05-12,-0.00022714138,0.011386008,0.015301256,0.0155133605,0.01897096
2021-05-13,0.0016230952,-0.0055964347,0.00025959194,-0.0007021111,0.008371167
2021-05-14,0.0027101953,0.0041827546,0.003246246,0.0041742246,0.005709675
2021-05-17,0.0012159103,-0.0064654835,-0.0035390723,-0.0024755227,-0.004051028
2021-05-18,0.00012057721,-0.004305394,-0.0074294033,-0.009714794,-0.010166995
2021-05-19,-0.0049175327,-0.00040569305,-0.0003399098,-0.004626736,0.0016169256
2021-05-20,0.0049845725,0.0047919415,0.0039803833,0.0016793406,0.0070224907
2021-05-21,0.008004716,0.008869911,0.00824049,0.009047622,0.012702219
2021-05-24,-0.0008662915,0.0027965694,0.0065857666,0.00502122,0.0047204285
2021-05-25,0.008895747,0.009981129,0.0045097615,0.004191678,0.0045596976
2021-05-26,-0.003050884,-0.0020574958,-0.0010171277,-0.004080868,-0.0042509777
2021-05-27,0.012150154,0.00714558,0.0074295863,0.0031073273,0.00423478
2021-05-28,0.006677109,0.0022924012,0.0064911754,0.0009856933,0.0019230067
2021-05-31,-0.007854733,-0.009859671,-0.0065932143,-0.006132881,-0.0048428727
2021-06-01,-0.002725874,0.002691539,-0.0012597677,0.0044305874,-0.0007076508
2021-06-02,0.00105954,0.0019719715,0.005134821,0.00016878187,-0.0008025628
2021-06-03,0.0031346304,0.0042001503,0.002702481,0.0025007175,0.008868586
2021-06-04,-0.0067469887,-0.000117830634,-0.00052952283,0.00061493873,-0.0027443785
2021-06-07,0.00527176,0.0019298202,0.0022912382,0.00040669562,-0.0023634327
2021-06-08,0.010777149,0.0033151049,0.006228925,0.0051253326,0.0072414577
2021-06-09,-0.009349693,-0.0059023327,-0.0027477527,-0.0050581424,-0.0054915436
2021-06-10,-0.00801128,-0.009926936,-0.010930916,-0.009183717,-0.009676399
2021-06-11,-0.022676138,-0.012152273,-0.006486936,-0.006663164,-0.011783911
2021-06-15,0.007583538,0.0019116539,0.008094393,0.0061504026,0.0034147513
2021-06-16,0.0036821258,0.0028262013,0.006288131,0.0050905617,0.014277054
2021-06-17,0.01033379,0.0054038353,0.0027611554,0.009334976,0.010393059
2021-06-18,0.0015137387,0.007116041,0.003776493,0.0047530257,0.0059510963
2021-06-21,0.004873952,0.005604698,0.007838916,0.0071364357,0.0057337405
2021-06-22,-0.0023543376,-0.0012671048,-0.00525666,-0.0021603894,-0.004023823
2021-06-23,0.00027824045,0.008602682,0.0069587734,0.008763998,0.009376488
2021-06-24,-0.0044753863,0.0010607004,-0.0013118577,0.002574237,0.003377185
2021-06-25,-0.00581601,-0.008659666,-0.010640502,-0.0075660236,-0.006037291
2021-06-28,0.011494527,0.0043896516,0.0040294738,0.0050336467,0.006173717
2021-06-29,-0.011946562,-0.010381386,-0.005198775,-0.009071506,-0.017726623
2021-06-30,-0.0049566566,-0.007184067,-0.00863556,-0.009871809,-0.013155902
2021-07-01,0.0071358993,0.0011310946,0.0040537943,0.0043026386,0.012246158
2021-07-02,0.0015711009,0.0014611668,0.005097922,-0.00060226204,-0.006125083
2021-07-05,0.006353723,0.00066034903,0.0030318487,0.010568096,0.009463752
2021-07-06,-0.0012928897,-0.011888714,-0.006600936,-0.0005462922,-0.0058343643
2021-07-07,0.014447092,0.0046983417,0.008224665,0.0087177185,0.0028716219
2021-07-08,0.015911663,0.01080327,0.007026483,0.008998192,0.014766939
2021-07-09,0.013024845,0.0006528664,0.0045274165,0.0087662665,0.014454892
2021-07-12,-0.011108328,-0.010069954,-0.005937344,-0.0070923544,-0.0013551932
2021-07-13,0.010785723,0.0046232576,-0.0022461074,-0.0006971991,3.69668e-05
2021-07-14,0.001776433,-0.0023916126,0.0028249072,0.0027413862,0.0010309588
2021-07-15,-0.0069615846,-0.0034026706,-0.003933349,-0.001452275,-0.00039717258
2021-07-16,-0.004702607,-0.0029097665,0.0046535414,-3.6245585e-06,0.005693731
2021-07-19,0.010095286,0.003778814,0.008867348,0.008707776,0.010927529
2021-07-20,0.0093516195,0.009520272,0.0036559694,0.004836095,0.00057766197
2021-07-21,0.008071606,-0.0063655972,-0.00798334,-0.008587108,-0.014566567
2021-07-22,-0.009558407,-0.01909747,-0.017809877,-0.018055076,-0.02294848
2021-07-23,-0.032470703,-0.019540053,-0.011629397,-0.018639093,-0.017406667
2021-07-26,-0.020184511,-0.013584951,-0.014613225,-0.007663471,-0.014425285
2021-07-27,0.011138036,0.0090991715,0.016856,0.015184578,0.026954947
2021-07-28,0.0016222268,-0.0031159944,0.001774621,0.006511722,0.0039010774
2021-07-29,0.0069640037,0.008640504,0.01644792,0.019815983,0.018111171
2021-07-30,-0.01074082,-0.00013424933,0.004572481,0.0033227026,0.0012295622
2021-08-02,0.017025087,0.007940178,0.00493516,0.0047396813,0.013680157
2021-08-03,-0.0060611153,-0.0023714667,-0.0045742374,0.00065579114,-0.006714275
2021-08-04,0.0028506338,0.0041307183,-0.00039742352,-0.00017311811,-0.0015653324
2021-08-05,0.008851867,0.009986763,0.011230437,0.017833285,0.013825383
2021-08-06,0.009996662,0.010251012,0.0012814144,0.008242757,0.006573838
2021-08-09,0.009124424,0.014977377,0.004060561,0.00032796562,0.0019395387
2021-08-10,0.00016666233,0.002772221,0.004338039,0.0042323745,0.0024890364
2021-08-11,0.0073471405,0.0031247698,-0.0034397661,-0.00046454355,-0.0049871
2021-08-12,-0.013824344,0.00024412859,0.010183879,0.0016328928,0.0036863303
2021-08-13,-0.022528002,-0.027307471,-0.019475935,-0.014012191,-0.021720229
2021-08-16,0.012004722,0.006324883,0.0073166694,0.006694197,0.0039441083
2021-08-17,-0.0035513646,-0.0018290245,-0.004290583,-0.00077139004,0.0015004784
2021-08-18,0.0012961769,-0.0039713327,-0.0055116965,-0.0039726854,-0.009546984
2021-08-19,0.018516771,0.0073451553,0.015089619,0.014189148,0.011953053
2021-08-20,0.0027991545,0.007468404,0.008517765,0.005317377,0.005897392
2021-08-23,0.008799005,0.007516242,0.006114915,0.008838856,0.012730772
2021-08-24,0.005795657,-0.003888077,-0.0052174125,-0.005943768,-0.0072333957
2021-08-25,0.010983513,0.010508085,-0.0028184117,0.0020968455,-0.00038203955
2021-08-26,0.015046644,0.010935166,0.0014571559,0.0022686953,-0.0033739286
2021-08-27,0.01727252,0.009615313,0.00048449545,-9.847164e-05,-0.0052961553
2021-08-30,-0.022171883,-0.0036566942,0.007551736,0.008500534,0.011448401
2021-08-31,0.035878427,0.018824393,0.009083398,0.002767114,0.0004098284
2021-09-01,-0.0055196066,0.0023375612,0.0029139428,0.0075188475,-0.00778901
2021-09-02,0.008152773,0.0064904033,0.012901695,0.010794213,0.020351373
2021-09-03,0.019218957,0.019408207,0.014516108,0.014378236,0.018599955
2021-09-06,0.009111408,0.015406795,0.013738004,0.009463099,0.006877448
2021-09-07,0.02252466,0.0038109433,0.0039936155,0.004163676,0.007264878
2021-09-08,-0.009326878,-0.0070110084,-0.0040346985,-0.0010789346,0.004962987
2021-09-09,0.028549885,0.011706618,0.006605827,0.0006011772,-0.0065517942
2021-09-10,-0.012055801,-0.020048315,-0.016501946,-0.010204661,-0.010675111
2021-09-13,0.0116428295,0.012386533,0.0017176771,0.0036534942,-0.00480852
2021-09-14,-0.02420116,-0.018261548,-0.015385718,-0.011617243,-0.011452753
2021-09-15,-0.007829106,-0.011612738,-0.010623834,0.0001681155,0.0023275984
2021-09-16,0.006882025,0.003392307,0.005248767,0.010326378,0.007336281
2021-09-17,-0.00020271838,0.00998628,0.013725019,0.013676212,0.0138357375
2021-09-22,-0.0173413,-0.017813161,-0.01904114,-0.011923915,-0.010393259
2021-09-23,-0.03456941,-0.026852427,-0.017940054,-0.018964479,-0.02895041
2021-09-24,0.0094979545,-0.0015770358,0.0057350104,0.0055010803,0.0075642485
2021-09-27,-0.017654711,-0.019513367,-0.029085966,-0.026592975,-0.035302974
2021-09-28,0.015100875,0.011340017,0.0072333245,0.010630624,0.01458266
2021-09-29,0.007540624,0.010769826,0.01489988,0.008838483,0.0027820147
2021-09-30,-0.007097629,0.0033185459,-0.0011416603,0.0010729402,0.0028459192
2021-10-08,-0.010745747,-0.010906932,-0.014801455,-0.01790141,-0.03217633
2021-10-11,-0.0056399526,0.0018890874,0.0014314764,0.0032715707,0.004335344
2021-10-12,0.00056078256,0.0012519625,-0.0008877492,0.00016656789,0.010324602
2021-10-13,-0.0065412866,-0.008411121,-0.0045154714,-0.001581779,0.0050430475
2021-10-14,0.005104108,0.0077415085,0.008296559,-0.00077836984,-0.0003152865
2021-10-15,0.0041965293,0.012596506,0.0077613806,0.0058550793,0.008040597
2021-10-18,0.0011315161,-0.0015639518,-0.0017141001,-0.004695518,-0.004222761
2021-10-19,-0.0029471791,-0.0028830369,-0.0029715318,0.00016234981,-0.0029488867
2021-10-20,-0.021639455,-0.0097559905,-0.0015009206,-0.006307748,-0.0020585847
2021-10-21,0.015009189,0.0075923703,0.0013196868,-0.0036023825,0.0068045575
2021-10-22,-0.0026774895,-0.007628952,-0.0008959371,-0.0025384806,-0.0019248057
2021-10-25,0.00045428454,-0.014706248,-0.015390036,-0.016700063,-0.019708283
2021-10-26,-0.01029651,-0.009121149,-0.0053514815,-0.010926735,-0.022888865
2021-10-27,0.012788763,0.014272554,0.009598779,0.009420702,0.0111700585
2021-10-28,0.008713128,0.010447518,0.008874163,0.0068515395,0.007292964
2021-10-29,-0.0023681188,-0.011131575,-0.00786271,-0.015624233,-0.020934056
2021-11-01,0.0013960963,0.008394657,0.007614202,0.007151423,0.010769797
2021-11-02,0.015499272,0.011669938,0.006995585,0.0055800546,-0.0015429776
2021-11-03,-0.0023026734,-0.005134223,-0.0065397597,-0.009457766,-0.029802924
2021-11-04,-0.0050576483,0.003179531,0.0011822961,0.0021885068,0.011258078
2021-11-05,0.0056563406,0.00819622,0.005231497,0.0060275327,0.0038157774
2021-11-08,0.003063671,0.0011574364,-0.0016349205,-0.001893409,-0.00092186866
2021-11-09,0.00823655,0.008234306,0.011520352,0.010223671,0.015908888
2021-11-10,0.011583192,0.0061391564,0.0013659397,0.0020458729,-0.0004862225
2021-11-11,-0.0025746287,7.169843e-06,0.0014289942,0.0023068362,-0.002819906
2021-11-12,-0.005619532,-0.0071496638,-0.005782433,-0.005679103,-0.004975593
2021-11-15,0.0047542895,0.0036907822,0.006057682,0.003954147,0.013057388
2021-11-16,-0.01332765,-0.0050936784,-0.0049820724,-0.004374642,0.0064601423
2021-11-17,0.009954933,0.008657863,0.013462823,0.012005415,0.018493075
2021-11-18,0.009029827,0.007998292,0.0024927836,0.0025548,0.012430037
2021-11-19,0.0064891772,0.0017638844,0.0039948025,0.0023956597,0.003426835
2021-11-22,-0.0017416351,0.0061741476,0.001234877,0.0022249336,0.004139713
2021-11-23,-0.0069054943,-0.00422499,-0.0028259356,0.0021842646,0.0015572608
2021-11-24,-0.0046649314,-0.003592531,-0.0028621322,-0.0021605697,-0.0012473481
2021-11-25,0.0036581892,-0.0040036705,-0.006853623,-0.006102318,-0.0018215126
2021-11-26,-0.0034785664,0.0032099304,0.005490476,0.004041476,0.00629921
2021-11-29,-0.0028117127,0.009152832,0.007214514,0.009128975,0.011293936
2021-11-30,-0.008911261,-0.0045117596,-0.003638237,-0.005267263,-0.0062074824
2021-12-01,0.007474685,0.010900786,0.008582275,0.011034373,0.009296261
2021-12-02,-0.010630887,-0.008444162,-0.004763527,-0.010894228,-0.006067844
2021-12-03,-0.0053240336,0.004687505,0.0031635398,-2.8111115e-05,-0.004488669
2021-12-06,0.011939369,0.009412241,0.007091235,0.010986415,0.014227908
2021-12-07,0.0073914044,0.006268466,0.0074973763,0.010308027,-0.00026660084
2021-12-08,-0.0070508886,-0.0011543548,-0.004047977,-0.004341847,6.237984e-05
2021-12-09,0.0071560727,0.005565242,0.0047386484,0.0017842873,0.009586677
2021-12-10,-0.003268,-0.0020299566,-0.00452331,-0.0053916248,-0.007531238
2021-12-13,0.0010361224,0.0013256967,0.0029567021,0.0011097842,0.0011661834
2021-12-14,0.009776157,0.0064485995,0.003999198,0.008056587,0.022302533
2021-12-15,-0.0017065341,-0.0037466276,-0.0063066045,-0.0071486337,-0.008528397
2021-12-16,-0.021095047,-0.010151892,-0.01101943,-0.0044720457,-0.008283935
2021-12-17,0.013008093,0.017630665,0.017715685,0.016242685,0.010486665
2021-12-20,0.00022048532,0.0049437415,0.0058287955,0.0044891015,0.009550114
2021-12-21,-0.0021097034,0.0014579784,0.002783987,0.0004995568,0.0026370524
2021-12-22,-0.011254995,0.000808873,-0.008072798,-0.0033202365,-0.013133841
2021-12-23,-0.0027922345,-0.0006058529,0.0025601108,0.0016725545,0.0017650515
2021-12-24,-0.009744551,-0.0004097446,0.0009840555,0.002362412,0.005879004
2021-12-27,-0.009469276,-0.003702128,-0.0036238176,-0.0047340663,-0.0018097657
2021-12-28,0.008238308,0.007769986,0.008211897,0.008457508,0.006996336
2021-12-29,0.008029129,0.006286573,0.0062508946,0.010072065,0.007922746
2021-12-30,0.0071144314,0.008886459,0.009599084,0.009286678,0.00071796833
2021-12-31,-0.015712371,-0.014290298,-0.011172578,-0.010375197,-0.0156303
2022-01-04,0.007010439,-0.00068098604,0.001913621,0.0016896069,0.0048734904
2022-01-05,-0.0053453143,-0.004760755,-0.00014828432,-0.002293303,-0.011549161
2022-01-06,0.0062189978,0.0040087337,0.0046743792,0.0012476379,0.00481097
2022-01-07,-0.0038097329,-0.0022259725,-0.0057005403,-0.006763708,-0.012457618
2022-01-10,-2.1712183e-05,0.0063106297,0.006179939,0.0075064506,0.010412036
2022-01-11,-0.01140333,-0.011016152,-0.009626221,-0.011358888,-0.015718393
2022-01-12,0.0022816665,-0.0069305473,-0.008642948,-0.006666462,-0.0062947464
2022-01-13,0.008206427,0.012519762,0.0072322055,0.013350535,0.014032335
2022-01-14,-0.009275929,-0.0027262503,-0.0017375493,0.002800231,0.011460714
2022-01-17,-0.0041436497,-0.0033117917,-0.0033728427,-0.0036603292,0.0037532079
2022-01-18,-0.0129773365,-0.009942479,-0.007026847,-0.006344331,-0.011622909
2022-01-19,-0.01651829,-0.012364704,-0.01029815,-0.014140515,-0.009591482
2022-01-20,0.002107203,-0.0016183426,-0.008006171,-0.0028775942,-0.002280858
2022-01-21,-0.040811606,-0.034712926,-0.03794919,-0.03642369,-0.038699728
2022-01-24,0.006675376,0.0043529337,0.0034967833,0.004643929,0.006664095
2022-01-25,-0.026388392,-0.027580854,-0.02734006,-0.028698709,-0.024706475
2022-01-26,-0.0020415802,0.0030861497,-0.00083830534,-0.0029575308,-0.0054146866
2022-01-27,0.01915315,0.015241322,0.018769808,0.019084107,0.018908381
2022-01-28,0.01854163,0.01892237,0.02045371,0.01650423,0.0028441674
2022-02-07,0.012233619,0.013126253,0.0136276875,0.015117453,0.024152704
2022-02-08,0.006405256,0.0044765854,0.003128352,0.004971127,-0.007692228
2022-02-09,-0.014688365,-0.0141005255,-0.0136095835,-0.010934279,-0.013136053
2022-02-10,-0.014882246,-0.010397895,-0.0066417414,-0.0024249179,-0.0043047876
2022-02-11,-0.002287442,0.0024466931,0.0018809873,0.0029571038,0.017103441
2022-02-14,-0.00070582627,0.004149549,0.004083616,0.0059573175,0.0065576015
2022-02-15,-0.0040268614,-0.001746186,-0.00092149863,-0.0047565997,-0.0032810366
2022-02-16,0.014063106,0.01353527,0.012557641,0.010783284,0.0061483146
2022-02-17,0.00845807,0.0032001662,0.006132825,0.011123841,0.013873101
2022-02-18,-0.012819263,-0.013322259,-0.01231294,-0.012985215,-0.012898271
2022-02-21,0.0041713393,0.009489079,0.00997403,0.011478202,0.017359868
2022-02-22,-0.013175864,-0.020242427,-0.021247296,-0.021616293,-0.025817763
2022-02-23,0.0057626,0.0033042484,0.0080307955,0.008112112,0.009929958
2022-02-24,0.0077551734,0.0021340444,0.0025834155,0.0033050468,0.004989714
2022-02-25,-0.00075608375,0.0011009345,-6.671786e-05,0.004211875,0.0082336655
2022-02-28,0.0051246053,-0.00087346154,0.004248526,0.001990892,0.002034167
2022-03-01,-0.000958724,0.0054303,0.0015457189,0.0031691506,-0.0011605275
2022-03-02,-0.00986313,-0.011293641,-0.009992154,-0.0075494586,-0.0112334415
2022-03-03,-0.013193288,-0.020001996,-0.014532948,-0.02279544,-0.03106495
2022-03-04,-0.04602076,-0.034534372,-0.03046434,-0.028437326,-0.03181439
2022-03-07,-0.021973003,-0.025832104,-0.021083826,-0.021965275,-0.011431355
2022-03-08,0.016450291,0.012298862,0.014599945,0.01826181,0.016488776
2022-03-09,0.010699154,0.011376964,0.0097853355,0.012347735,0.009767297
2022-03-10,-0.020668214,-0.022930011,-0.024577804,-0.023614349,-0.02690209
2022-03-11,-0.056515228,-0.059643336,-0.058649477,-0.060328998,-0.06121322
2022-03-14,0.028397849,0.028853975,0.032481432,0.03242663,0.035852835
2022-03-15,0.01579566,0.016177062,0.018581461,0.01869864,0.025535893
2022-03-16,0.007630944,0.014908876,0.01807918,0.014504632,0.013533621
2022-03-17,0.011605873,0.006745626,0.0022164572,0.0012038636,-0.0006507951
2022-03-18,0.0034042776,0.0043650283,0.0014704103,0.0045644734,-0.0013023042
2022-03-21,0.004177669,0.0021869289,0.0059333225,0.0076366635,0.0042151865
2022-03-22,-0.006102843,-0.010458158,-0.009994724,-0.0095557505,-0.011921473
2022-03-23,-0.00850015,-0.010306015,-0.007887484,-0.004382956,-0.0062099732
2022-03-24,0.0021960312,0.0042324658,0.005530356,0.003928235,0.0032741618
2022-03-25,-0.0032454175,0.0004326403,-0.009208348,-0.0074231415,-0.013792732
2022-03-28,0.019301008,0.0138691785,0.018624509,0.024254339,0.024895696
2022-03-29,0.003202169,-0.0040653795,-0.0013906967,-0.008890979,-0.011217456
2022-03-30,0.0084896125,0.009070395,0.009010216,0.004422987,0.001316291
2022-03-31,0.017192107,0.010546126,0.0054751337,-0.005484075,-0.0077956887
2022-04-01,-0.023466187,-0.019651998,-0.021396844,-0.021610416,-0.025989316
2022-04-06,0.013981092,0.00053790805,-0.003579108,-0.0057091606,-0.008572413
2022-04-07,-0.029622545,-0.032367893,-0.030958286,-0.028316218,-0.029255949
2022-04-08,0.00755666,0.018080832,0.019210577,0.021729177,0.021181138
2022-04-11,-0.009966996,-0.014094848,-0.013878971,-0.018690227,-0.0138408365
2022-04-12,0.014647718,0.014349287,0.010750878,0.011885243,0.013925675
2022-04-13,-0.014174316,-0.009797998,-0.0031659515,-0.0068316185,-0.004520972
2022-04-14,-0.014568917,-0.0019811725,-0.0036352216,0.0066323285,0.011077992
2022-04-15,0.0011722362,0.0030216258,0.0045841914,0.005187141,0.0034564065
2022-04-18,-0.021018589,-0.01603584,-0.014579184,-0.020487154,-0.023972185
2022-04-19,-0.03630163,-0.030774536,-0.036788315,-0.031646814,-0.032275937
2022-04-20,-0.012134563,-0.0032688177,-0.00072838744,-0.0036503666,0.002472272
2022-04-21,-0.064421415,-0.063526295,-0.06474219,-0.06699281,-0.06668791
2022-04-22,-0.02982997,-0.03359221,-0.025961367,-0.021109868,-0.020495638
2022-04-25,0.027423138,0.03408186,0.04628638,0.039065614,0.029489446
2022-04-26,-0.001959656,-0.012017036,-0.0072487886,-0.012442183,0.002554816
2022-04-27,0.037407376,0.039799687,0.038666893,0.04319802,0.043210506
2022-04-28,0.016211396,0.008800382,0.014500565,0.015270139,0.007116935
2022-04-29,-0.024504706,-0.020794457,-0.0222681,-0.01918369,-0.01432586
2022-05-05,0.012890632,0.008838619,0.012236862,0.010721474,0.008058375
2022-05-06,0.009761266,0.011947036,0.020212732,0.018019177,0.013028716
2022-05-09,-0.0018906832,0.0028015547,0.0035721117,0.00920948,0.018050903
2022-05-10,0.0059038736,0.0043555982,0.0023789424,0.0019796502,-0.004385524
2022-05-11,0.009530651,0.011896424,0.009047522,0.0049480204,0.014114077
2022-05-12,-0.0073823608,-0.0059078657,-0.000947001,0.0021468138,0.008927599
2022-05-13,0.0020422144,-4.8451424e-05,0.0037014764,0.0014738857,-0.0025049245
2022-05-16,-0.0034905327,-0.005118957,-0.0012245494,0.00031175493,-0.0005509585
2022-05-17,0.011888328,0.0060400255,0.004739383,0.0059310417,0.0017707974
2022-05-18,0.010751672,0.013882723,0.016365534,0.016490014,0.022545934
2022-05-19,0.00685945,0.00595714,0.009737674,0.006731757,0.008223246
2022-05-20,-0.038512167,-0.040447876,-0.037687946,-0.038004164,-0.032726597
2022-05-23,0.019351276,0.015635746,0.016918907,0.021484682,0.022607647
2022-05-24,0.0077188415,0.014296506,0.011590281,0.014818178,0.01002676
2022-05-25,-0.0018739736,-0.001981067,-0.0041650087,-0.002877985,-0.0021185772
2022-05-26,0.004982239,0.009890409,0.009282045,0.007002188,0.009041092
2022-05-27,0.0071004415,0.012389715,0.012697219,0.014015831,0.023788173
2022-05-30,0.0068948735,-0.004846753,0.003324216,0.002371313,-0.0003388381
2022-05-31,0.009776861,0.011007116,0.012149108,0.011082583,-0.00015552521
2022-06-01,0.0125488285,0.019931812,0.01822762,0.015911082,0.012601716
2022-06-02,-0.00957076,-0.0016515629,-0.00041118416,0.003419035,0.010116059
2022-06-06,0.0019152248,0.0021234758,0.007957289,0.00058413093,0.0042228894
2022-06-07,-0.021243248,-0.013566478,-0.012476765,-0.012415655,-0.006180468
2022-06-08,0.022808947,0.021050656,0.016264686,0.014004793,0.011548061
2022-06-09,-0.0037218553,-0.007299434,-0.0037384413,-0.0029471035,0.0019896391
2022-06-10,0.01562974,0.0067198495,0.00588958,0.005392033,0.0017110407
2022-06-13,-0.0112496065,0.0028304355,0.0070695793,0.009500425,0.006483746
2022-06-14,-0.013334734,-7.8332545e-05,0.00584481,0.006458874,0.0062063183
2022-06-15,0.0078250645,0.0036670163,0.00034539818,0.00220696,0.008233719
2022-06-16,0.0036504506,0.012474464,0.007906811,0.004541348,-0.0049868585
2022-06-17,-0.0116779115,-0.007487141,-0.004155132,-0.0019381713,-0.0013998575
2022-06-20,-0.01148911,-0.016152704,-0.017392583,-0.017271316,-0.017163537
2022-06-21,0.020357812,0.021950565,0.0138895055,0.015594466,0.025327606
2022-06-22,0.010745747,0.010562723,0.005834317,0.0065770783,0.010845649
2022-06-23,0.007965038,0.0018587565,0.0005491761,0.009907545,0.00497118
2022-06-24,0.012737859,0.017411511,0.0108715715,0.013321996,0.016910197
2022-06-27,-0.0293229,-0.014464841,-0.014646395,-0.0069805547,-0.010820754
2022-06-28,0.014299734,0.01552985,0.003973542,0.0058140815,0.0059818453
2022-06-29,-0.008548595,-0.002403844,-0.004431696,0.000637691,-0.0024038428
2022-06-30,0.009272223,0.009985703,0.009772412,0.009120805,0.017863173
2022-07-01,-0.0039064772,-0.004150009,-0.00035260664,-0.0011827159,-0.00814426
2022-07-04,-0.010257653,-0.013185825,-0.013392371,-0.015345263,-0.015212114
2022-07-05,0.007623258,0.008889348,0.002545302,-0.0005289924,0.0037492109
2022-07-06,-0.013267297,-0.0013722605,-0.00248441,-0.00011419058,-0.0023101522
2022-07-07,-0.010564211,-0.010708633,-0.010700339,-0.008360621,-0.011097583
2022-07-08,-0.009317037,-0.010059688,-0.012557839,-0.011710154,-0.012807459
2022-07-11,0.008942461,0.00038465022,0.0024701483,0.00612472,0.005188203
2022-07-12,-0.0047474243,-0.0050501614,0.001762516,0.0070653777,0.010601436
2022-07-13,-0.018086687,-0.021049855,-0.024108486,-0.019413095,-0.010881789
2022-07-14,0.021531854,0.02202304,0.020752318,0.02064026,0.021673579
2022-07-15,0.0028172915,0.0059001665,0.0094024055,0.0069488264,0.0048878766
2022-07-18,0.015140624,0.0111286845,0.012735513,0.00887116,0.00712542
2022-07-19,-0.010465002,-0.0066927588,-0.0051048393,-0.0059860917,-0.0077425395
2022-07-20,-0.01283962,-0.012748698,-0.008282856,-0.0037457692,-0.0052228435
2022-07-21,-0.012372122,-0.006753436,-0.004597534,-0.0070651346,-0.007302606
2022-07-22,0.01127687,0.011498772,0.012069781,0.010842404,0.009624668
2022-07-25,0.0047868476,0.0010658586,0.0024320127,0.0018433613,0.003938566
2022-07-26,0.009389213,0.0061359853,0.0060204985,0.004603268,0.0013202614
2022-07-27,-0.005416128,-0.00788353,-0.009640748,-0.008657346,-0.013717043
2022-07-28,0.010697243,0.009430813,0.005336813,0.0013957727,0.0039736778
2022-07-29,-0.02817012,-0.030745922,-0.031454273,-0.030343609,-0.0315407
2022-08-01,-0.00886812,-0.0036829752,-0.0092154285,-0.0058186357,-0.006320111
2022-08-02,0.0026868088,0.006474508,0.0075395913,0.00743558,0.011286032
2022-08-03,0.017277205,0.0204709,0.023694223,0.019991837,0.014722781
2022-08-04,0.01068816,0.004730436,0.0066930307,0.0073362743,0.0050460272
2022-08-05,0.00035203935,-0.0025339555,0.00062356115,0.0024257887,0.0018494207
2022-08-08,0.0018140817,-0.0017326963,-0.0038585097,-0.0008537716,-0.008069013
2022-08-09,0.011498864,0.019760504,0.022117667,0.024152229,0.020255193
2022-08-10,-0.0048107146,-0.0015843159,0.00326083,0.0030438793,-0.0018691146
2022-08-11,0.008941564,-0.002793612,-0.0011286844,-0.0038834203,0.0003190291
2022-08-12,0.0075939205,0.0018543547,0.0007963831,0.0033041842,0.0012346673
2022-08-15,0.0070722355,0.00433561,0.008247307,0.006731989,0.0042267535
2022-08-16,0.00017712176,-0.0058991807,-0.007484931,-0.007752375,-0.0055947984
2022-08-17,-0.0038412707,-0.009852432,-0.008904366,-0.006337413,-0.014114542
2022-08-18,0.0064617936,0.0077279187,0.010945256,0.011757336,0.013179939
2022-08-19,0.0019049752,0.0012972361,-0.0011400207,-0.0036859626,-0.00536257
2022-08-22,-0.031376466,-0.025883812,-0.022820175,-0.022933388,-0.029751442
2022-08-23,0.009933575,0.005208377,0.005217361,0.0058714133,0.007383343
2022-08-24,-0.00079908967,-0.0004052657,0.00030236592,-0.0038216882,-0.003952533
2022-08-25,0.002323211,0.00015001715,0.0032050947,0.0017351288,0.0054726363
2022-08-26,-0.0064869975,0.0027894222,-0.00036132336,-0.00014175117,-0.0029011471
2022-08-29,-0.01990112,-0.020394666,-0.012120953,-0.014361298,-0.016238296
2022-08-30,-0.002934193,-0.00052233995,-0.0040922044,-0.0064669983,-0.0069442387
2022-08-31,0.0052400194,0.002136935,0.0027558184,0.0030877846,0.010479247
2022-09-01,0.00040696203,0.0005690366,0.004790917,0.0062737227,0.006810657
2022-09-02,0.01662737,0.015676973,0.014042088,0.008468744,0.019439094
2022-09-05,0.0027949584,-0.0010752219,-0.0007143032,-0.0013295227,-0.00015051365
2022-09-06,-0.005902789,-0.005790957,-0.006042131,-0.004061846,-0.00016215802
2022-09-07,-0.000373773,0.010447123,0.010154012,0.008724288,0.01055727
2022-09-08,-0.0029317874,-0.0031464314,-0.0036246795,-0.0031145716,0.0007938528
2022-09-09,-0.009920988,-0.009492585,-0.0076577174,-0.00768951,-0.00554851
2022-09-13,-0.025845222,-0.018926919,-0.015791323,-0.014689572,-0.015602827
2022-09-14,-0.019618904,-0.029505158,-0.02832227,-0.028906254,-0.024887675
2022-09-15,-0.007651505,-0.009900378,-0.00797822,-0.009640173,-0.00567668
2022-09-16,0.0033795834,0.0054472764,0.008046771,0.006330849,0.0064744707
2022-09-19,0.0073462175,0.008578062,0.003914292,0.0018674571,0.0026103873
2022-09-20,-0.002980196,-0.007304111,-0.0063599045,-0.00398393,-0.0033476956
2022-09-21,-0.012010446,-0.01436862,-0.009567906,-0.011658161,-0.013013208
2022-09-22,-0.016950898,-0.016583484,-0.01811541,-0.020224385,-0.014107252
2022-09-23,0.019617505,0.019544624,0.02294483,0.026726164,0.021733886
2022-09-26,-0.01957077,-0.019240081,-0.021778064,-0.02359549,-0.025792247
2022-09-27,-0.005312726,0.00057722983,-0.0019304078,-0.0036897135,-0.0009567875
2022-09-28,-0.0026044035,-0.0033854526,-0.005314405,-0.008220468,-0.01347656
2022-09-29,-0.008015163,-0.009447281,-0.009381591,-0.017190838,-0.016984249
2022-09-30,-0.0021570611,0.0071304254,0.006500045,0.007832764,0.013069744
2022-10-10,0.019607814,0.022221278,0.018488014,0.024501948,0.032252606
2022-10-11,0.003267278,0.0016429711,0.00032559573,0.004555033,0.009841869
2022-10-12,0.023915187,0.022705587,0.01793977,0.020231538,0.03212719
2022-10-13,0.011963074,0.010385069,0.008398065,0.00727471,0.005611713
2022-10-14,0.010313037,0.0025187712,-4.0894807e-05,-0.000704751,7.287622e-05
2022-10-17,-0.012077267,-0.010148294,-0.0114685455,-0.00856173,-0.011471936
2022-10-18,0.004423951,-0.001930983,-0.0010389456,-0.0054258956,-0.0038693976
2022-10-19,0.005417152,0.0024836618,-0.00027243077,-0.001803543,-0.005838759
2022-10-20,-0.007825953,-0.0109865805,-0.013013232,-0.013336878,-0.01715651
2022-10-21,-0.009629738,-0.009429548,-0.0031461609,-0.0020056998,-0.0026999766
2022-10-24,0.01808331,0.014628062,0.018661834,0.016501028,0.02597212
2022-10-25,-9.336233e-05,-0.003278907,0.00096605043,0.004406562,0.012970328
2022-10-26,-0.02268559,-0.034614712,-0.03949778,-0.03089618,-0.033755876
2022-10-27,0.014841151,0.0025997073,-0.003984308,0.009540474,0.002608989
2022-10-28,0.02508676,0.026824404,0.029769951,0.021806354,0.022301748
2022-10-31,0.0046598315,0.0114472415,0.006192686,0.011573491,0.014129419
2022-11-01,-0.007422528,0.003991356,-0.0030219466,0.0011589587,0.0017564303
2022-11-02,0.024087049,0.016829045,0.019032346,0.021314306,0.02050559
2022-11-03,0.0025004607,0.000120499135,-0.00028266906,0.0072806696,0.005659719
2022-11-04,-0.0045276387,-0.0025141072,-0.00016457796,-0.0015249884,0.0013371885
2022-11-07,0.0008487481,0.0037942647,0.001819219,-0.002501639,-0.0023556948
2022-11-08,-0.005240934,-0.0037352855,0.00032696128,-0.0019866182,-0.0033589625
2022-11-09,0.00436673,0.011631405,0.01340502,0.007388352,0.007210152
2022-11-10,0.008586842,0.0068872627,-0.0017018646,0.00092540326,-0.0045224368
2022-11-11,0.013027031,0.017085487,0.013604977,0.016396314,0.02228749
2022-11-14,-0.006996544,-0.002223296,-0.0029396014,0.00020379305,-0.007572446
2022-11-15,0.0104550645,0.0073557454,0.002517646,0.0028955585,-0.0037527645
2022-11-16,-0.00899104,-0.004487614,-0.0036352763,-0.0030953728,0.0004863006
2022-11-17,-0.005025325,-0.0041542877,-0.0021888576,-0.0020737862,0.002851947
2022-11-18,-0.019704694,-0.0100077465,-0.0067210603,-0.0003666264,-0.006887673
2022-11-21,-0.012482302,-0.00050041376,-0.000581925,0.004077367,0.0014704645
2022-11-22,-0.0028707094,0.00039250136,-0.00051384984,0.0016763407,0.0031498163
2022-11-23,-0.005593902,0.000823881,-0.0020097138,0.0036992086,-0.0041410727
2022-11-24,-0.0035839833,-0.0045785876,-0.0046718977,-0.0053431503,-0.0048514362
2022-11-25,0.029784728,0.02153616,0.019861417,0.01618315,0.017079664
2022-11-28,-0.00011510015,0.00026508927,-0.003311934,-0.0045999866,-0.0011464554
2022-11-29,-0.001560151,0.0065548504,0.006021148,0.0060229395,0.0073908283
2022-11-30,-0.0008575475,-0.0021323115,-0.002294007,-0.0021381164,0.0010637438
2022-12-01,0.015161467,0.007208541,0.012809996,0.014759639,0.010020852
2022-12-02,-0.004677204,-0.003190908,0.0003822893,-0.00096522615,-0.0005829704
2022-12-05,-0.0009335357,-0.0034937316,-0.0053183907,0.00065480336,0.0034898894
2022-12-06,-0.0020475697,-0.004167935,-0.0016837823,-0.005300614,-0.0013952869
2022-12-07,0.00084006606,0.00041235637,0.0015801835,0.0013837182,0.0027383799
2022-12-08,-0.011256123,-0.007850054,-0.007519678,-0.00087501726,0.0016676367
2022-12-09,-0.0005717015,-0.0009943657,-0.0008246386,0.0010730504,-0.009013392
2022-12-12,-0.008396361,-0.004574981,-0.0023330932,-0.0029040514,-0.004601359
2022-12-13,-0.008648883,-0.002337507,0.0028049166,0.00011488584,0.0047113793
2022-12-14,0.0033748024,-0.0065786573,-0.005777122,0.002587127,-0.0006205511
2022-12-15,-0.02674908,-0.023379967,-0.02487275,-0.024455119,-0.024461191
2022-12-16,-0.017455086,-0.005880438,-0.006199489,-0.007694791,-0.008513437
2022-12-19,-0.0046962774,-0.008227395,-0.005140269,-0.0051519,-0.0029177105
2022-12-20,-0.0127382325,-0.010518513,-0.008719589,-0.011022618,-0.0049155136
2022-12-21,-0.0025847834,-0.0019554454,0.0004220742,0.00073419313,-0.0015489459
2022-12-22,0.011870857,0.008590611,0.0062618502,0.0077368454,0.0134515045
2022-12-23,0.0016751754,0.0054184273,0.00686692,0.007990828,0.009164634
2022-12-26,-0.0010956228,-0.0033203568,-0.0019866633,-0.002801933,-0.006524522
2022-12-27,-0.0006327975,-0.0028938188,-0.004996696,-0.007206328,0.0005952883
2022-12-28,0.0060112476,0.002746729,0.0057495157,0.002582552,-9.0981724e-05
2022-12-29,0.01907667,0.018399848,0.015072174,0.015344603,0.011120815
2022-12-30,0.0003887874,0.0018927377,0.0042265593,0.005100353,-0.0015581107
2023-01-03,0.006853562,0.006634552,0.0054299436,0.005585165,0.011292081
2023-01-04,-0.0073819146,-0.0032638914,-0.0024984889,-0.001869061,0.005846846
2023-01-05,0.0030192293,0.0049818656,0.005153926,0.0064356616,0.0033008545
2023-01-06,0.006667659,-0.0029553368,-0.0023349214,-0.003978014,0.000886299
2023-01-09,-0.0046958094,-0.0043689036,-0.0049120924,-0.0045857704,-0.0034275807
2023-01-10,0.0013743788,-0.0011957685,9.8192695e-06,6.263003e-05,-0.00037439287
2023-01-11,0.00980351,0.0092363255,0.011175912,0.009279783,0.004641731
2023-01-12,0.011699449,0.011891298,0.011188214,0.0092562,0.011060191
2023-01-13,0.0013855678,-0.0003470105,-5.35661e-05,-0.0012967157,0.002245922
2023-01-16,0.0007287365,0.0052385195,0.0063435207,0.0038478952,-0.00029754997
2023-01-17,0.015785143,0.008121877,0.008213254,0.0071210074,0.004538623
2023-01-18,0.00584795,0.0084414985,0.005971524,0.010132386,0.0044586724
2023-01-19,0.0015016127,0.0068296385,0.008850701,0.00606672,3.117502e-05
2023-01-20,0.0019188166,0.0018646562,-0.0013799393,0.0025975048,0.0023222095
2023-01-30,0.015427121,0.014136436,0.014392292,0.011342495,0.009667278
2023-01-31,-0.0017808813,-0.00033002556,0.0002168113,0.0003711617,0.0037411284
2023-02-01,0.0022023756,-0.003987776,-0.0033660352,-0.007203585,-0.004993909
2023-02-02,-0.008445822,-0.0070742713,-0.0027468074,-0.0028836345,-0.002277379
2023-02-03,0.007930312,0.0018656194,0.0030888373,0.0026734883,0.006596693
2023-02-06,-0.010479415,-0.009249953,-0.007404,-0.006352676,-0.0059195827
2023-02-07,0.018098893,0.014990953,0.008894639,0.011384208,0.010701697
2023-02-08,0.0035664022,8.735359e-05,-0.0023288962,-0.0012889969,-0.0038171376
2023-02-09,0.011642222,0.008993675,0.008489677,0.0076448633,0.008319494
2023-02-10,0.003995253,0.0044900565,0.004340913,0.001316278,0.0004656452
2023-02-13,0.0014492858,0.0021639848,-0.0013971137,-0.0064321025,-0.0034088928
2023-02-14,-0.019471128,-0.015582077,-0.014624319,-0.013272338,-0.012190843
2023-02-15,-0.0183393,-0.0076077906,-0.0026831976,-0.0027105254,0.0002386421
2023-02-16,0.021992937,0.018452836,0.017461643,0.013327229,0.019189792
2023-02-17,0.004647721,0.008515347,0.008244439,0.0075196982,0.0018694586
2023-02-20,0.0025222772,-0.0007521337,-0.00057300925,-0.0029696596,-0.0006446755
2023-02-21,0.00023665965,-0.0043060575,-0.0010644251,0.0002591604,-0.0067423927
2023-02-22,-0.0029936242,-0.0031106966,-0.0012500691,-0.0018525994,-0.0033188218
2023-02-23,-0.0040494925,-0.007387987,-0.0075392784,-0.0065276916,-0.007182862
2023-02-24,0.0068588858,0.008604902,0.0096344575,0.007864363,0.010904538
2023-02-27,0.004408751,0.0054988926,0.0078024887,0.009090966,0.013111627
2023-02-28,-0.0059840465,0.0009438324,-0.0023472493,-0.0002561021,0.0009366846
2023-03-01,-0.00052591023,0.0002531767,0.0036289524,0.0017678904,0.0029992145
2023-03-02,-0.00093037245,8.258522e-05,-0.002740711,-2.8428436e-05,0.0050117983
2023-03-03,-0.020964742,-0.018192187,-0.012992667,-0.014154421,-0.016584132
2023-03-06,0.007858118,0.0018346638,0.0033573825,0.0018459582,0.0022840316
2023-03-07,-0.0018339932,-0.0046052868,0.0001377225,-0.00013612688,-0.0022504956
2023-03-08,-0.013589582,-0.014404192,-0.014324937,-0.009955449,-0.012403216
2023-03-09,0.008332032,0.009243984,0.0052382066,0.0039532627,0.006402906
2023-03-10,-0.009806997,-0.010856189,-0.0075374944,-0.008462737,-0.010012617
2023-03-13,0.00462682,0.00787089,0.0104575325,0.010607847,0.011218426
2023-03-14,-0.008565131,-0.009250572,-0.014556442,-0.008591399,-0.019762358
2023-03-15,0.015162464,0.004384213,0.005404159,0.007816944,0.0067704814
2023-03-16,-0.0072668367,-0.0054887594,-0.0024759728,-0.0053832964,-0.0029086017
2023-03-17,0.0056081074,0.013700788,0.012198665,0.011873851,0.010983951
2023-03-20,0.010804606,0.0029844565,0.004842698,0.006758864,0.0031270266
2023-03-21,0.012925212,0.0016701657,0.002653355,0.0027110504,0.0006220674
2023-03-22,0.013344594,-0.0038675945,-0.0025545722,-0.0024279826,-0.002163474
2023-03-23,0.006313643,0.0009713179,-0.002240796,-0.002284105,-0.0047620637
2023-03-24,-0.012137778,-0.0059503186,-0.0029428464,-0.0006130338,0.00046572505
2023-03-27,-0.002289049,-0.0059472965,-0.00444756,-0.0046117455,-0.004819061
2023-03-28,-0.0015655577,0.002701537,0.0037746178,0.0021274483,0.007311514
2023-03-29,0.0171581,0.0042258785,0.007949214,0.0074240416,0.005585015
2023-03-30,0.01526818,0.008030194,0.0055455016,0.009972509,0.012602104
2023-03-31,0.0038342862,0.0013887739,-0.0039757513,-0.0030637824,-0.000977226
2023-04-03,0.00034571707,0.00055728195,0.00059699715,-0.0014629608,0.0018737662
2023-04-04,0.005424961,0.009377455,0.0032662367,0.0079935845,0.009865089
2023-04-06,-0.027323447,0.00037575184,-0.003282041,0.000105625986,0.0015488636
2023-04-07,0.0062590046,0.00064658525,0.0014093369,0.0026874053,-0.0003109336
2023-04-10,0.0033363062,0.0043202196,0.0027792156,-2.19357e-05,0.0056158155
2023-04-11,-0.0060008555,-0.004220447,-0.0016697198,-0.0066895713,-0.0013543224
2023-04-12,0.0026308584,0.005326079,0.0038825632,0.0045740698,-0.002022832
2023-04-13,-0.0018499339,0.0067246933,0.008503842,0.0083418945,-7.084787e-05
2023-04-14,-0.0036469055,-0.0042292257,-0.00029123612,-0.00045180976,-0.0018996537
2023-04-17,-0.0025221843,-0.0042491676,-0.011105123,-0.00803877,-0.0033484327
2023-04-18,0.0058421954,-0.00057698786,-0.006229567,-0.0028231347,-0.008532731
2023-04-19,-0.02621625,-0.023085242,-0.022421626,-0.0228842,-0.02109339
2023-04-20,-0.006534988,-0.0072061936,-0.00407551,-0.00509585,-0.013545985
2023-04-21,-0.013238072,-0.016772734,-0.017295567,-0.011271093,-0.014680063
2023-04-24,0.0032635194,0.010629765,0.0030128523,0.009004385,-0.0031024348
2023-04-25,-0.002893948,0.006799079,0.007420326,0.0039102393,0.00368151
2023-04-26,0.022897456,0.010344732,0.0063772146,0.0070201363,0.016362838
2023-04-27,0.013188274,-0.0006582382,0.005223918,0.0022545897,0.0060398593
2023-04-28,-0.006455171,-0.009732116,-0.004143231,-0.0059153596,-0.010207488
2023-05-04,0.008131311,0.010338374,0.008166198,0.01026608,0.008349156
2023-05-05,-0.018788379,-0.0045390273,-0.0030372196,-0.0070639737,-0.013047657
2023-05-08,-0.008241236,-0.00039593875,-7.903099e-05,0.0036008423,0.004007067
2023-05-09,-0.00842579,-0.0022427517,-0.00015313446,0.0014216602,0.0010625661
2023-05-10,-0.007567417,-0.007725709,-0.011557375,-0.009270335,-0.011140666
2023-05-11,0.007446334,0.006728472,0.014270353,0.0107527515,0.007747184
2023-05-12,-0.009321068,-0.0060793203,-0.0058522876,-0.007901865,-0.010425792
2023-05-15,0.0025498462,0.00090649666,0.0019253421,0.00018853783,0.002661817
2023-05-16,-0.003270142,-0.0054570334,-0.00016532838,0.0009507823,0.006448212
2023-05-17,-0.0036666756,-0.001493429,-0.0010484199,0.00013055027,-2.6984215e-05
2023-05-18,-0.0047285426,0.0030331928,0.0024310073,0.0003455788,0.0053116726
2023-05-19,-0.010455689,-0.008798803,-0.009261388,-0.009926101,-0.013102047
2023-05-22,-0.006839974,-0.0091268215,-0.010303209,-0.0075028758,-0.006407676
2023-05-23,-0.003940914,-0.004471945,-0.0066654375,-0.0011989379,-0.0023428106
2023-05-24,0.0050515477,0.009723905,0.006366287,0.005413272,0.005592088
2023-05-25,-0.0004209727,-0.003874163,-5.4582357e-05,-0.0004024054,-0.0017482591
2023-05-26,0.007094603,0.0025632773,0.0057185288,0.005897655,-0.0010306597
2023-05-29,0.0030179513,-0.001424365,-0.0036650605,-0.006544608,-0.0065083485
2023-05-30,0.0055892407,-0.0027858596,0.0013918501,0.0006497129,0.0039919065
2023-05-31,-0.0026329767,0.00834326,0.013530257,0.013675919,0.01768819
2023-06-01,0.004862203,-0.0009971845,-0.0033392399,-0.0036456212,-0.0040409244
2023-06-02,-0.022629302,-0.014177256,-0.017218214,-0.020084627,-0.016755918
2023-06-05,0.010727843,0.00116992,-0.0001334265,-0.0025616614,-0.0031740146
2023-06-06,-0.001918568,0.0030161624,0.00052780757,-0.0010249235,-0.0050771283
2023-06-07,0.010211563,0.0058956123,0.0047895378,0.0011181482,0.0074453517
2023-06-08,0.003956699,0.0037287094,0.0033340163,0.005462911,0.0030819601
2023-06-09,0.0038205034,-0.00010746236,0.0019753522,0.00028511853,0.0024031634
2023-06-12,0.0018094289,0.00030816626,-0.00030997218,0.0011772308,-0.00032863976
2023-06-13,0.002527125,0.01089815,0.010992582,0.013344318,0.008861153
2023-06-14,0.009230461,0.0041796584,0.006748445,0.004336321,0.0035188103
2023-06-15,-0.00518893,-0.0039894152,-0.008844666,-0.006625583,0.00028407574
2023-06-16,-0.0020775367,-0.006181621,-0.00093186734,-0.004816509,-0.0033138955
2023-06-19,-0.028643388,-0.011978951,-0.01308851,-0.014731884,-0.016599977
2023-06-20,-0.026186341,-0.014090011,-0.013812074,-0.009964063,-0.0142998705
2023-06-21,0.0148793375,0.013745479,0.011715006,0.012295682,0.012344775
2023-06-26,0.0021811514,0.0024806953,0.0018223948,-0.003317282,-0.0063857245
2023-06-27,-0.0004411465,-0.0014555936,0.0025141942,-0.0024230655,0.0019217187
2023-06-28,0.013231676,0.009660209,0.011586228,0.010148554,0.009469586
2023-06-29,0.0070828814,0.008625074,0.0073488164,0.011617489,0.008023503
2023-06-30,0.0028423793,0.0039828992,0.0017011452,0.0012979895,0.0014019597
2023-07-03,-0.005374433,-0.006038105,-0.005519656,-0.0029943704,-0.0055065514
2023-07-04,-0.0018044639,-0.005176945,-0.0057763197,-0.00620327,-0.0077618826
2023-07-05,-0.009529456,-0.0015657985,-0.001369772,0.0021643168,-0.005852341
2023-07-06,0.002475139,0.005684785,0.004212244,0.005943811,0.006572689
2023-07-07,0.0097474335,0.00487809,0.0022180057,0.007709108,0.007087935
2023-07-10,-0.008478487,-0.0109588215,-0.007761168,-0.012240443,-0.010541536
2023-07-11,0.0111251995,0.016790008,0.0106369825,0.010349231,0.011116671
2023-07-12,-0.003899836,-0.004633686,-0.0054386635,-0.0013999885,0.0023096865
2023-07-13,-0.0028252257,-0.008109756,-0.0014616383,-0.0016664308,-0.003586716
2023-07-14,-0.004618711,-0.0013342494,-0.0005192089,0.004235834,0.0016153615
2023-07-17,-0.0011314368,-0.0017439133,8.120954e-05,0.0014869445,0.0002203691
2023-07-18,-0.008514827,-0.007792844,-0.009321968,-0.0055288672,-0.01022316
2023-07-19,-0.0015768063,0.005118625,0.00089856744,0.002548167,6.0186387e-05
2023-07-20,-0.008785486,-0.00023500204,-0.0010826683,-6.249487e-05,0.002731433
2023-07-21,0.015817545,0.018114762,0.017252149,0.017103069,0.014805447
2023-07-24,-0.0039224452,-0.0012171561,0.00063041307,-0.0017295033,0.0019341547
2023-07-25,-0.0075765564,-0.004411635,-0.005009341,-0.006684965,-0.003644892
2023-07-26,0.02101325,0.01937442,0.014222083,0.009455892,0.008014838
2023-07-27,0.010216334,0.008789523,0.009305024,0.0061717913,0.00545123
2023-07-28,0.0013616217,-4.46707e-05,0.0004259914,0.00049555005,0.0023046243
2023-07-31,-0.002218684,-0.0017302865,-0.0032552264,-0.006289156,-0.004271463
2023-08-01,0.0089952415,0.003902452,0.0014620018,0.0028221887,0.003484925
2023-08-02,0.007438848,0.003862896,0.005321531,-0.00045003594,-0.00043704928
2023-08-03,-0.006584097,-0.0073626367,-0.00693734,-0.006090221,-0.0077456282
2023-08-04,-0.010798046,-0.0057922686,-0.001791721,-0.0023895414,0.0021784462
2023-08-07,-0.0096260775,-0.006215672,-0.006376118,-0.0050154035,1.7792583e-05
2023-08-08,0.0039971513,0.00047519148,0.0016590899,0.004524895,0.0017208094
2023-08-09,-0.020902824,-0.018819239,-0.018969826,-0.018764863,-0.017897548
2023-08-10,-0.0030820519,0.0020667112,0.000982942,0.0016697389,-0.0010629684
2023-08-11,-0.0117991,-0.0069774915,-0.003827654,-0.004657381,-0.0015548653
2023-08-14,-0.0068733455,-0.009413497,-0.008052099,-0.006619001,-0.0066532413
2023-08-15,0.0061925757,0.0062779402,0.0068228967,0.005706727,0.0064821634
2023-08-16,-0.021069586,-0.015002,-0.015359304,-0.010109785,-0.012702985
2023-08-17,-0.0147820525,-0.012031478,-0.010813919,-0.010610091,-0.010205078
2023-08-18,0.0015521753,0.002369582,0.004501219,0.0022983807,0.0048742653
2023-08-21,-0.021634918,-0.020052204,-0.016081566,-0.017181765,-0.017387114
2023-08-22,-0.0012346709,0.0038711673,0.0037040848,0.0042588795,0.004317916
2023-08-23,-0.015571131,-0.012188237,-0.010264557,-0.0071931244,-0.0068329857
2023-08-24,0.013404794,0.010623408,0.011296259,0.007906575,0.013286381
2023-08-25,0.02274033,0.02236844,0.021056194,0.017553493,0.026703935
2023-08-28,-0.002836135,-0.0024863023,-0.0026092243,-0.0009975397,0.0077074915
2023-08-29,-0.012850072,-0.0067132697,-0.0032735812,-0.0030151308,-0.005505625
2023-08-30,-0.0010627699,0.0035012842,0.003683713,0.0038880312,0.0023223495
2023-08-31,0.014568942,0.012820415,0.012758395,0.018446324,0.013776409
2023-09-01,-0.007391374,-0.005584507,-0.0048228316,-0.008764158,-0.004312885
2023-09-04,0.0051044817,0.0008845186,-0.00043039382,-5.7508947e-05,-0.0042041563
2023-09-05,-0.013189052,-0.013665173,-0.015065508,-0.014863172,-0.015873715
2023-09-06,0.0056067007,0.0009150785,-0.0011935962,-0.00021828592,-0.000651018
2023-09-07,0.01177172,0.010925391,0.008101871,0.011470828,0.015752248
2023-09-08,-0.0047726356,-0.0002739662,0.0022475398,0.0017080492,-0.00021038413
2023-09-11,-0.008044869,-0.009397949,-0.008135963,-0.0070417738,-0.0100752255
2023-09-12,-0.0051906835,-0.0012266267,-0.001541335,0.0019185275,-0.00401336
2023-09-13,0.0059722406,0.00052547274,0.0013368523,0.001907171,-0.00032411158
2023-09-14,0.0004242182,0.0036942589,0.0013958109,0.007037325,0.0008642495
2023-09-15,-0.0020159257,-0.003818648,-0.004922586,-0.0059406646,-0.0091883885
2023-09-18,-0.007000565,-0.005221716,-0.004625505,-0.0071659083,-0.008522864
2023-09-19,-0.006615488,-0.008147267,-0.0071700998,-0.0077866465,-0.0051834714
2023-09-20,0.016400121,0.016564865,0.009520063,0.012045937,0.017233098
2023-09-21,-0.008263387,-0.008042084,-0.008466248,-0.0020638662,-0.0004599434
2023-09-22,-0.0032520068,-0.0045143054,-0.005107308,-0.0069410424,-0.0050203
2023-09-25,0.00760346,0.006379036,0.0047363536,0.005764285,0.0034227383
2023-09-26,0.005702012,0.0028239386,0.0018392629,0.0024994314,0.0012581432
2023-09-27,-0.007021166,-0.0076728123,-0.0053351014,-0.0027252263,-0.00532385
2023-09-28,-0.005088398,-0.0029435044,-0.0069568604,-0.007613058,-0.007159434
2023-10-09,0.0030278426,-0.0010649323,0.00019821584,0.0011836445,-0.0021852003
2023-10-10,0.00899564,0.009721167,0.007867035,0.009481217,0.006594072
2023-10-11,-0.0036616754,-0.008026469,-0.0076609026,-0.006834173,-0.0060563767
2023-10-12,-0.016176302,-0.005561507,-0.0057719257,-0.007990946,-0.0065761562
2023-10-13,0.0013482505,0.004172595,0.0020855975,0.0017105364,0.0018901151
2023-10-16,-0.016388297,-0.012244608,-0.013655994,-0.013299482,-0.014154291
2023-10-17,-0.010738132,-0.009848296,-0.013152454,-0.009099463,-0.011512953
2023-10-18,-0.0017766857,-0.002689113,-0.0050565004,-0.008490908,-0.011144798
2023-10-19,-0.027155507,-0.028281068,-0.02414878,-0.023438707,-0.021252498
2023-10-20,0.01296048,0.016432922,0.014129362,0.011206341,0.00954044
2023-10-23,0.009141055,0.009795025,0.0058921254,0.0054152454,-0.0009476382
2023-10-24,0.002499512,0.006927292,0.0049851495,0.002209412,0.001882652
2023-10-25,0.021413386,0.02258138,0.017822908,0.014300525,0.017623829
2023-10-26,0.015713366,0.014698026,0.007030536,0.007297105,0.0013050592
2023-10-27,-0.0010318405,-0.0042754514,-0.0026790684,-0.0010627103,-0.0027197099
2023-10-30,-0.0032989574,-0.0035685117,-0.002319268,-0.0018058998,-0.0005313712
2023-10-31,-0.011876494,-0.0072245873,-0.0088406615,-0.0076325266,-0.008347232
2023-11-01,0.010547633,0.009207141,0.0097043365,0.006615847,0.007196173
2023-11-02,0.021896439,0.01585525,0.015710436,0.016576009,0.014761922
2023-11-03,0.002279132,0.0008522445,0.0010971132,-0.0029601115,-0.0031150866
2023-11-06,0.0023186863,-0.0001199311,0.00010685848,-0.002711925,-0.0028852636
2023-11-07,-0.0050765555,-0.0030053228,-0.003163808,-0.00046089292,-0.0029275746
2023-11-08,-0.003296811,-0.0020324867,-0.0045471042,-0.0049059633,-0.0032948202
2023-11-09,0.0068414416,0.00401274,0.0049697263,0.005913301,0.007492335
2023-11-10,0.0051610344,0.0023296452,0.003967278,0.0041027428,0.006266388
2023-11-13,0.0003678876,0.009454924,0.0075885826,0.0057934355,0.006889463
2023-11-14,-0.0131748775,-0.009506348,-0.008476912,-0.007237715,-0.008852897
2023-11-15,0.003845663,0.003171159,0.003673278,0.0034810584,0.0027087755
2023-11-16,0.0064087235,0.0048838765,0.004259506,0.004211066,0.007840154
2023-11-17,-0.0070538227,-0.002737071,0.00035781623,-0.0019667149,-0.001181237
2023-11-20,-0.010705194,-0.012722003,-0.011318029,-0.007884025,-0.012213158
2023-11-21,0.008021963,0.009845259,0.008483034,0.008212316,0.011313975
2023-11-22,-0.0069885347,-0.005546205,-0.0063060196,-0.008855465,-0.015002253
2023-11-23,-0.0014693462,-0.0011535054,-0.0038852065,-0.0009295881,-0.0016091502
2023-11-24,0.0032069527,0.0047459276,0.0044122026,0.0059293644,0.0063062366
2023-11-27,-0.00798591,-0.006702815,-0.0075444668,-0.006752454,-0.0057514827
2023-11-28,-0.00021086514,-0.0028502976,-0.0031092744,-0.001407156,0.0002935064
2023-11-29,0.0017863464,0.0069007,0.0010903961,0.0034991645,0.0031245667
2023-11-30,-0.0034264207,-0.0043888325,-0.0009660101,-0.0006959492,-0.00022676647
2023-12-01,-0.018855684,-0.019980062,-0.016797418,-0.015452504,-0.01298093
2023-12-04,0.0039406437,0.0052893274,0.004645619,0.0024425357,0.0043563624
2023-12-05,-0.0013049119,-0.004951781,0.0028644819,3.9553643e-06,-0.002040429
2023-12-06,0.0046864497,-6.162822e-05,-0.00026343446,0.00034142076,-0.0003678012
2023-12-07,0.010746913,0.009607616,0.011905658,0.01271083,0.013073215
2023-12-08,-0.0031623817,0.0017819458,-0.0001672693,0.00053237914,0.004463552
2023-12-11,-0.010168128,-0.011163473,-0.010197678,-0.010500827,-0.01098809
2023-12-12,-0.004100231,-0.0029046393,-0.0013694387,-0.00084913016,-0.0010184806
2023-12-13,-0.0053740535,-0.004932693,-0.006105814,-0.007349596,-0.0077777677
2023-12-14,-0.014007616,-0.013303306,-0.013177017,-0.012166254,-0.010253446
2023-12-15,-0.0027295928,-0.0018118167,-0.0024382924,-0.0010902286,-0.0005811238
2023-12-18,-0.013363851,-0.01179224,-0.013791178,-0.010319341,-0.011907293
2023-12-19,0.0074801086,0.006523016,0.0071487674,0.004478659,0.003301444
2023-12-20,-0.0038657486,-0.0018640506,0.0013623541,-0.0056013935,-0.012805679
2023-12-21,-0.000848918,-0.00069538294,-0.00025097848,0.0024475073,-0.00010824442
2023-12-22,-0.0077163484,-0.009785065,-0.008359888,-0.01106766,-0.013465914
2023-12-25,0.0033105672,0.0028196252,0.0034823602,0.0068543795,0.008060312
2023-12-26,0.02136995,0.022552757,0.022276394,0.016678458,0.011463437
2023-12-27,0.0059731756,0.0048572775,0.0076954123,0.008896333,0.010117803
2023-12-28,-0.009272417,-0.0070886095,-0.004303932,-0.0026200628,0.009431706
2023-12-29,-0.007375836,-0.0022746492,-0.0010803097,0.00030563236,0.00556508
2024-01-02,-0.0042929337,-0.009660361,-0.00900794,-0.006896717,-0.009842946
2024-01-03,-0.01860463,-0.013591472,-0.011306019,-0.009618606,-0.012118373
2024-01-04,-0.020159774,-0.022078803,-0.023210311,-0.021342885,-0.02343522
2024-01-05,0.0017271143,0.0032009322,0.0006858075,0.0039022171,0.0026662939
2024-01-08,0.002677715,-0.006235959,-0.0046882336,-0.0049195047,-0.0044141603
2024-01-09,0.014193999,0.016667955,0.011980903,0.013492121,0.0071960106
2024-01-10,-0.003353762,-0.0024033005,-0.003842724,-0.0010525614,-0.0021509754
2024-01-11,-0.010791005,-0.0012985206,-0.003641518,0.00035199345,0.0006816578
2024-01-12,0.0032527698,-0.00032055555,-0.00077465596,-0.0015493297,-0.004424343
2024-01-15,-0.024952207,-0.022950718,-0.026755903,-0.023415154,-0.028673591
2024-01-16,0.012315388,-0.0007873702,-0.0042171055,-0.0050782757,-0.005895135
2024-01-17,-0.008100359,-0.008484234,-0.009989044,-0.011867421,-0.008129116
2024-01-18,-0.042449646,-0.04840141,-0.051851846,-0.05120219,-0.050837368
2024-01-19,0.020720523,0.01617405,0.016402418,0.013926113,0.015904788
2024-01-22,0.025444973,0.019933939,0.014763939,0.009233418,0.008106846
2024-01-23,0.023984047,0.033961684,0.029040014,0.034015607,0.031815223
2024-01-24,-0.009247514,-0.0068589635,0.00024762392,-0.0046291975,-0.017775998
2024-01-25,-0.028283164,-0.023685135,-0.016746227,-0.014320707,-0.014152096
2024-01-26,-0.02359874,-0.023234043,-0.022834215,-0.024277024,-0.029072244
2024-01-29,-0.019471422,-0.0241322,-0.024732638,-0.02906342,-0.0322212
2024-01-30,-0.0044720303,-0.0035264534,-0.009157203,-0.0071017295,-0.005212189
2024-01-31,-0.019719595,-0.03226452,-0.025812482,-0.029470228,-0.030798288
2024-02-01,-0.022686917,-0.03319798,-0.027671296,-0.031211026,-0.024967847
2024-02-02,0.06591006,0.075716436,0.077520564,0.08577406,0.09231924
2024-02-05,0.051470906,0.06338564,0.06832094,0.07120698,0.07719259
2024-02-06,-0.006232068,0.005697419,0.012169394,0.017655332,0.027249703
2024-02-07,-0.006272133,-0.009708045,-0.009852039,-0.004579321,0.0023885458
2024-02-08,-0.008223875,-0.0021832944,0.001144312,0.0029360969,0.0071795643
2024-02-19,-0.0062893503,0.0030405277,0.0047395267,0.0030304445,0.0048933206
2024-02-20,0.00983341,0.005082397,0.009080783,0.004846089,0.0051667504
2024-02-21,0.007636381,0.007256171,0.0064961887,0.0029282689,0.0014021522
2024-02-22,-0.003103338,0.004049766,-0.00072373095,0.00022701501,-0.001641708
2024-02-23,0.027239198,0.025300466,0.020741401,0.015614879,0.013516346
2024-02-26,-0.034456536,-0.03140968,-0.027430506,-0.013564382,-0.006749834
2024-02-27,0.046762284,0.038072396,0.029600354,0.023887295,0.017312339
2024-02-28,0.0028632015,0.010434614,0.0045685377,0.0035054875,0.0026758516
2024-02-29,0.002833342,-0.00217254,-0.001173309,-0.0046912557,0.0020842243
2024-03-01,-0.010811275,-0.010041557,-0.008629161,-0.004146289,-0.00563695
2024-03-04,0.001813516,0.0008002943,0.0010396737,0.0012065858,-0.0026255888
2024-03-05,-0.017608888,-0.0109479595,-0.009314847,-0.011434002,-0.020078864
2024-03-06,0.022258276,0.015318027,0.012675047,0.0063996073,0.0015578449
2024-03-07,0.004733388,0.014373412,0.019336388,0.025463521,0.033616547
2024-03-08,-0.015258104,-0.005595578,0.0017446327,0.007829043,0.009413653
2024-03-11,0.0023158651,-0.0018048686,-0.0076234005,-0.0052171093,0.0025563163
2024-03-12,-0.008794613,-0.0080395965,-0.0070772334,-0.001604011,-5.746007e-05
2024-03-13,0.010041313,0.008942927,0.00973493,0.008680609,0.011478387
2024-03-14,0.016727377,0.018009447,0.009180072,0.010385912,0.010552344
2024-03-15,-0.0079710325,-0.010574136,-0.009524073,-0.008414523,-0.008636301
2024-03-18,0.005796409,0.006072883,0.0031076688,0.0029623467,-0.00031315387
2024-03-19,-0.005856078,-0.006660947,-0.0010053903,-0.004312095,-0.010355661
2024-03-20,-0.011064337,-0.019446762,-0.0200238,-0.017518323,-0.017978491
2024-03-21,-0.02480539,-0.018224353,-0.0120329335,-0.01114993,-0.0141203115
2024-03-22,-0.007560353,-0.0011766112,0.0024358553,0.0025401337,-8.165836e-07
2024-03-25,-0.022583937,-0.01616495,-0.020519944,-0.028870389,-0.03558372
2024-03-26,0.013543473,0.0070432345,0.00851678,0.011002116,0.02253747
2024-03-27,0.012996142,0.009913376,0.01057997,0.014071112,0.008411798
2024-03-28,0.017684028,0.019141434,0.026757741,0.023246108,0.022621868
2024-03-29,-0.0026943989,-0.001541928,-0.0015413952,-0.0031242878,-0.003417811
2024-04-01,-0.0011733484,0.00080771267,-0.00013417899,-0.0068419,-0.0013477046
2024-04-02,-0.016050197,-0.017448235,-0.012553373,-0.016615031,-0.017346678
2024-04-03,0.013607945,0.012899913,0.0099771265,0.00844556,0.0119606005
2024-04-08,-0.006492266,-0.011287708,-0.01330759,-0.012547455,-0.021158949
2024-04-09,0.0026746274,0.0042139455,0.0053439927,0.0020689792,0.0048934435
2024-04-10,-0.010633507,-0.005452693,-0.006914522,-0.011328202,-0.0075534587
2024-04-11,0.01072181,0.0107565,0.012611137,0.012948399,0.00657598
2024-04-12,-0.025378885,-0.028134184,-0.02503326,-0.027333327,-0.0365494
2024-04-15,0.02359178,0.027298091,0.030051567,0.030172925,0.03462342
2024-04-16,-0.0022567583,0.00082747045,0.0051544798,0.00086546957,0.0022563976
2024-04-17,-0.0011233389,-0.0033879476,-0.00826004,-0.0086645875,-0.01140528
2024-04-18,-0.01005212,-0.007601774,-0.0024885535,-0.0018118381,-0.0042429464
2024-04-19,-0.017363764,-0.014069848,-0.008989598,-0.0038845707,-0.004206658
2024-04-22,0.011687155,0.008542668,0.0028704067,0.007948557,0.008845288
2024-04-23,-0.00079820096,0.0019201445,-0.0010929764,0.0035495085,0.00079874037
2024-04-24,0.019979693,0.026741894,0.026003571,0.015345879,0.008495975
2024-04-25,0.023728447,0.021869456,0.027031189,0.020828938,0.018179439
2024-04-26,-0.009534541,-0.0070272177,-0.0102723995,-0.007836511,-0.0035716433
2024-04-29,0.020290323,0.015775781,0.018561363,0.017580708,0.017099531
2024-04-30,0.00032710255,0.0011884486,-0.00010004369,0.0010726631,0.0027332753
2024-05-06,-0.010788746,-0.01467336,-0.015764425,-0.011513786,-0.010465153
2024-05-07,0.021876886,0.020384476,0.017606499,0.014201033,0.018405868
2024-05-08,-0.006299786,-0.0011000925,-0.0006637712,-0.004530205,-0.009570639
2024-05-09,-0.00467004,-0.009159698,-0.0038659296,-0.005311406,-0.010628137
2024-05-10,-0.0030502689,-0.00025806724,-0.0037015858,0.0017618972,0.0017457515
2024-05-13,-0.012306732,-0.010411111,-0.008166935,-0.009346623,-0.008228203
2024-05-14,-0.0021173828,-0.0050309515,-0.003815468,-0.001059376,-0.0014268124
2024-05-15,0.017011104,0.012158726,0.013086939,0.013441853,0.014636214
2024-05-16,-0.0024810995,0.0049182326,0.0062856753,0.0045165867,0.0045864284
2024-05-17,-0.005979289,-0.0103945,-0.00937442,-0.008641764,-0.006468153
2024-05-20,-0.0008753347,0.002246579,0.005589091,0.00090068934,-0.002065534
2024-05-21,-0.020508766,-0.022200594,-0.019197373,-0.02118509,-0.019008718
2024-05-22,-0.017621418,-0.011807866,-0.0039913333,-0.0059324205,-0.003869884
2024-05-23,0.0052504633,0.009411812,0.01166784,0.0105211465,0.008940529
2024-05-24,-0.008738577,-0.0070638712,-0.008935548,-0.011995988,-0.010861513
2024-05-27,0.005488332,0.0025257075,0.00081364927,-0.00010359168,0.0013179219
2024-05-28,-0.0017014146,-0.0028948123,-0.0024702728,-0.0022722029,-0.0020878667
2024-05-29,-0.0020934336,0.0026957649,0.0023704045,5.872965e-05,0.000761267
2024-05-30,-0.005487772,-0.0098936865,-0.013677375,-0.009225106,-0.009169644
2024-05-31,0.0072482033,0.010476185,0.010054302,0.014834938,0.016834237
2024-06-03,-0.011210493,-0.01144572,-0.008625687,-0.010412977,-0.013831797
2024-06-04,-0.011578693,-0.012077692,-0.014915783,-0.015706442,-0.009309631
2024-06-05,0.0017750036,-0.00032902657,-0.0029066347,0.0006227964,-0.0011397469
2024-06-06,0.0053627975,-0.002580337,0.005150539,0.001825878,0.008868559
2024-06-07,0.0046339314,0.0025980568,0.00048684597,0.004866232,0.0012141693
2024-06-11,0.00044428228,-0.00946245,-0.0075406493,-0.0084167505,-0.0071575753
2024-06-12,-0.0018781489,0.0050032283,0.003870179,0.0040381188,-0.0034442567
2024-06-13,0.0026630186,-0.0014950174,-0.002001546,-0.0009295499,-0.0040982924
2024-06-14,0.0017272413,0.0028754277,0.0029737514,0.0053249956,0.0037342275
2024-06-17,-0.012230976,-0.01346848,-0.011495018,-0.012166338,-0.010334827
2024-06-18,-0.013157673,-0.017958699,-0.019556263,-0.016273513,-0.011272501
2024-06-19,-0.00018871129,0.0014821016,0.003132928,0.0017791671,-0.0009300661
2024-06-20,-0.024943914,-0.025055028,-0.02221895,-0.0209382,-0.024018168
2024-06-21,-0.0103373835,-0.003426972,-0.004292927,-0.006703862,-0.009330461
2024-06-24,0.022369504,0.019400232,0.016264243,0.011547621,0.019597704
2024-06-25,-0.014714596,-0.021491215,-0.017334498,-0.020165905,-0.02038112
2024-06-26,0.0064525837,-0.0027434914,0.0011311936,0.0010150486,0.00032553435
2024-06-27,0.009350521,0.009054122,0.015021882,0.012890606,0.012067456
2024-06-28,-0.01082075,-0.0070790537,-0.009686303,-0.008494644,-0.009485808
2024-07-01,-0.007126687,-0.006648643,-0.0058362917,-0.005593873,-0.0071459482
2024-07-02,-0.014739487,-0.020153333,-0.01827275,-0.018362768,-0.017823996
2024-07-03,0.006765038,0.0104896035,0.008850663,0.0043124305,0.004449336
2024-07-04,-0.020606132,-0.02426092,-0.019374538,-0.016713582,-0.019420668
2024-07-05,0.025492601,0.01635053,0.017740738,0.01235987,0.013695665
2024-07-08,-0.0046418924,-0.0021701558,-0.006593444,-0.009003534,-0.010793204
2024-07-09,0.018766677,0.022341892,0.02007118,0.025624461,0.027961986
2024-07-10,-0.002876001,-0.0014877546,-0.0053097466,-0.0011934787,0.00034210802
2024-07-11,-0.0066691367,-0.0110254595,-0.010326213,-0.008221768,-0.0065446896
2024-07-12,0.014003572,-0.00029182257,-0.00046896638,0.0004528898,-0.004298381
2024-07-15,-0.0128444545,-0.0012353892,-0.0044238702,-0.0015237551,-0.006526819
2024-07-16,0.0039536525,0.00440546,0.002553087,0.005758801,0.008938993
2024-07-17,-0.0017177648,0.0025874602,0.003586335,0.0039720326,-0.0020373624
2024-07-18,0.00053533795,-0.00017718374,-0.00037041842,-0.0027602173,-0.0035960816
2024-07-19,-0.03462768,-0.029332772,-0.025898028,-0.023390934,-0.025208404
2024-07-22,-0.013139123,-0.0108725345,-0.012403314,-0.009844781,-0.014724038
2024-07-23,0.007856456,0.0042470978,0.0038550622,0.0021098764,-0.00066371023
2024-07-24,0.014796986,0.014486718,0.013601127,0.01297775,0.014062452
2024-07-25,-0.007798078,-0.006887627,-0.0070855604,-0.004342431,-0.0075956704
2024-07-26,0.002200576,-0.0008393222,-0.0010155187,-0.000521971,-0.00043732525
2024-07-29,0.033901114,0.03883755,0.040786624,0.040965896,0.051556185
2024-07-30,0.00056358275,-0.009625072,-0.007959286,-0.008518984,-0.009123035
2024-07-31,-0.0128315035,-0.0152429,-0.013994052,-0.010782278,-0.003404702
2024-08-01,-0.02868304,-0.01595013,-0.017477293,-0.014212347,-0.010684421
2024-08-02,0.013217838,0.014520351,0.013553719,0.0119008375,0.013003979
2024-08-05,-0.0016360212,-3.5469533e-05,-0.0024327503,-0.0022977644,-5.5757166e-05
2024-08-06,-0.0019844235,0.00068018376,0.0024748975,0.0021410382,0.0043485286
2024-08-07,-0.009100163,-0.008729896,-0.006883364,-0.008009097,-0.011606831
2024-08-08,-0.0046044583,-0.0028962023,-0.0019315183,-0.00181512,-0.00069701194
2024-08-09,0.0043014516,0.0035782885,0.0038888454,0.002272508,0.0022752075
2024-08-12,-0.013274478,-0.014122992,-0.01255821,-0.011857294,-0.015193687
2024-08-13,0.006712958,0.00964186,0.0076442226,0.008408711,0.0060002417
2024-08-14,-0.00919376,-0.008313451,-0.004131506,-0.009208333,-0.010698428
2024-08-15,0.0020401592,0.0011103516,0.0030538028,0.0054811942,-0.002579475
2024-08-16,-0.016285196,-0.018863395,-0.01849927,-0.01892589,-0.017525174
2024-08-19,-0.0051577394,-0.0020859349,-0.0050648954,-0.0036636824,-0.0053814095
2024-08-20,-0.017845586,-0.010902375,-0.013342078,-0.011709719,-0.011085382
2024-08-21,-0.0009765154,8.033335e-05,0.0019678664,0.001937043,-0.00011510789
2024-08-22,0.0075954776,0.00315387,0.0041389256,-0.000525496,0.0019429523
2024-08-23,-0.015830996,-0.01109237,-0.010811546,-0.012020754,-0.007931489
2024-08-26,-0.0002996272,0.0015941066,0.0019670231,0.005022921,0.0018476706
2024-08-27,0.02533206,0.0117388675,0.014453151,0.014333626,0.01030548
2024-08-28,0.015739355,0.019555504,0.018831,0.017804641,0.015291471
2024-08-29,-0.017033782,-0.022530103,-0.022758251,-0.01944549,-0.019054543
2024-08-30,0.021568997,0.012416956,0.0077846553,0.007778213,0.0037389386
2024-09-02,-0.0017194664,-0.0027690697,-0.0021470487,-0.0037632424,-0.0011662829
2024-09-03,0.0062520914,0.0060684504,0.006430918,0.0056902766,0.0015230649
2024-09-04,-0.01478184,-0.013489724,-0.016204529,-0.015303924,-0.015110361
2024-09-05,-0.006535596,-0.009346437,-0.0050587286,-0.008116195,-0.007249372
2024-09-06,-0.00045993508,-0.00394075,-0.0002734977,0.001724289,0.00305404
2024-09-09,-0.00041903317,0.00045290412,0.0039068246,-0.0013331735,0.001067633
2024-09-10,-0.0038583297,-0.0026790588,-0.0014556843,-0.0055261445,-0.003182385
2024-09-11,-0.011525379,-0.011738348,-0.011253404,-0.010999412,-0.012392247
2024-09-12,0.0005238253,0.00051585736,0.0013040465,0.004412434,0.00069200934
2024-09-13,0.015143849,0.018444106,0.016734125,0.015370944,0.013167851
2024-09-18,-0.0064437767,-0.007344916,-0.0065115285,-0.0031992507,-0.008571638
2024-09-19,0.00023195148,0.001480127,0.00010329425,6.863594e-05,-0.0067564114
2024-09-20,0.046898555,0.046592638,0.04444894,0.045589995,0.040563226
2024-09-23,0.010130679,0.012978998,0.012342818,0.0073977266,0.005831493
2024-09-24,0.05197878,0.049224798,0.04748091,0.040439874,0.039708875
2024-09-25,0.05517306,0.06107326,0.053634692,0.056830645,0.051574208
2024-09-26,0.1095339,0.10768826,0.102607474,0.108781174,0.10237987
2024-09-27,0.082736865,0.08508325,0.07984506,0.070941046,0.036789868
2024-09-30,-0.080117226,-0.07141996,-0.07334319,-0.07054899,-0.058808565
2024-10-08,-0.007904184,-0.0030175317,-0.01147125,0.0002723372,-0.00041624068
2024-10-09,-0.053886726,-0.046470895,-0.042752493,-0.031859268,-0.02511182
2024-10-10,0.023092253,0.026599498,0.022527136,0.022419829,0.022163332
2024-10-11,-0.023087341,-0.024980329,-0.021110838,-0.025249643,-0.028073872
2024-10-14,-0.0017449969,0.002356624,0.0021982477,-0.002698716,-0.0038033384
2024-10-15,-0.0020093531,-0.010006759,-0.012874631,-0.01475625,-0.011598697
2024-10-16,0.027264481,0.039297067,0.03705891,0.035137944,0.04949052
2024-10-17,0.02396324,0.007746456,0.006010048,0.010508359,0.0065296334
2024-10-18,-0.0036445225,0.0050143693,0.017645016,0.013499625,0.01804688
2024-10-21,0.0008504558,0.007897202,0.0062060608,0.010804248,0.008115446
2024-10-22,-0.01469212,-0.011463027,-0.006161434,-0.009727379,-0.006939975
2024-10-23,0.032971367,0.022399278,0.016739216,0.008887835,0.006195962
2024-10-24,0.019974316,0.010684502,0.011798339,0.009674091,0.014702508
2024-10-25,-0.021402046,-0.018935245,-0.016382793,-0.013458251,-0.0059232726
2024-10-28,0.0052622254,-0.00069487817,0.0021444135,0.0016062657,-0.00218902
2024-10-29,0.020894434,0.011122655,0.0116106225,0.009668168,-0.0005770695
2024-10-30,-0.013681884,-0.011027868,-0.009860006,-0.012231852,-0.004873365
2024-10-31,0.014727576,0.02380488,0.016965525,0.016569227,0.014774309
2024-11-01,0.031467997,0.018784616,0.025126351,0.03506793,0.035116933
2024-11-04,-0.0011390585,0.007091161,0.00093102996,0.0005413079,0.0069088484
2024-11-05,0.023748608,0.024443625,0.017514873,0.021942172,0.019016333
2024-11-06,-0.0057951557,-0.0053490116,-0.0018258744,-0.0024933035,0.0016780979
2024-11-07,0.021712543,0.016783843,0.01766049,0.016124638,0.01178784
2024-11-08,-0.017195143,-0.0071285223,-0.008352092,-0.007002433,-0.00707916
2024-11-11,-0.005496626,-0.0025681318,0.00044906317,0.0010963827,0.0023190617
2024-11-12,-0.041985463,-0.03125396,-0.024164328,-0.02193095,-0.020273555
2024-11-13,-0.03241223,-0.024408104,-0.020840855,-0.022388183,-0.012695663
2024-11-14,-0.026248397,-0.014107005,-0.0073840795,-0.0036368805,-0.0057834326
2024-11-15,0.018362973,0.016944027,0.017077317,0.017546348,0.01691705
2024-11-18,0.00963066,0.008182052,0.0089515885,0.010573085,0.009278977
2024-11-19,-0.003459652,-0.003018471,-0.00018060446,-0.0036267447,-0.0027302592
2024-11-20,-0.04018779,-0.03744661,-0.03940742,-0.041040882,-0.035708047
2024-11-21,-0.00012472869,-0.0014738446,-0.002028013,1.7341972e-05,0.0014673376
2024-11-22,-0.0123788165,-0.003787393,-0.006343768,-0.008428824,-0.0040063523
2024-11-25,0.021905031,0.019353049,0.014763543,0.01815435,0.026303118
2024-11-26,-0.006808759,-0.0050662076,-0.004890976,-0.0065054987,-0.008195322
2024-11-27,0.016324598,0.015759572,0.014844337,0.016421372,0.015258823
2024-11-28,0.01768469,0.016883995,0.01530923,0.012491268,0.01642944
2024-11-29,-0.00304707,-0.00415732,0.00019679949,-0.0011503053,0.00079817534
2024-12-02,-0.012392967,-0.013706715,-0.011559181,-0.009275002,-0.0050401455
2024-12-03,0.0083328355,0.006120314,-0.00047074244,0.003009298,0.0019140721
2024-12-04,0.010098644,0.013504293,0.015936924,0.015916519,0.017039115
2024-12-05,-0.010343394,-0.0035733348,-0.0075960956,-0.0012804061,-0.0042034807
2024-12-06,0.0066134566,0.007081786,0.0077024437,0.007984454,0.0075535965
2024-12-09,0.009524157,0.011143375,0.0074184197,0.01204848,0.010131646
2024-12-10,0.007928492,0.007112784,0.010435063,0.008197611,0.008969513
2024-12-11,-0.015097414,-0.019881872,-0.022797527,-0.02299515,-0.015950285
2024-12-12,-0.014332192,-0.013013617,-0.010645697,-0.0041688737,-0.0063087894
2024-12-13,-0.018980911,-0.010471899,-0.009872472,-0.010685954,-0.010405689
2024-12-16,0.011333275,0.0039817635,0.004066558,0.006304137,0.0042432547
2024-12-17,0.0019367099,0.000100412966,-1.0060668e-05,-0.0013295955,-0.0009900498
2024-12-18,0.0073301224,0.0039142286,0.003377315,-0.00094767153,-0.0046313065
2024-12-19,-0.022704182,-0.019061869,-0.016746344,-0.013426822,-0.012247243
2024-12-20,0.01537417,0.015166107,0.014484078,0.013133076,0.011933751
2024-12-23,-0.009723637,-0.006340493,-0.01121202,-0.007701027,-0.012585969
2024-12-24,0.021611901,0.0025574476,-0.0010514664,0.0016881168,-0.00028021456
2024-12-25,-0.0040479684,0.0047693904,0.0072038416,0.0066676755,0.003508008
2024-12-26,-0.004756123,-0.0028060097,0.00041395723,0.00038490654,0.0008579719
2024-12-27,-0.027228935,-0.027009899,-0.026965046,-0.02658266,-0.024733234
2024-12-30,-0.031241693,-0.030593984,-0.031058015,-0.026866173,-0.023284087
2024-12-31,-0.01797246,-0.017642992,-0.019289475,-0.018750422,-0.023506723
2025-01-02,0.0064824717,0.0017592334,0.002001179,-0.0020792175,-0.0015191371
2025-01-03,0.0017318344,0.0029615045,0.006156953,0.008116084,0.016159523
2025-01-06,-0.0058390885,-0.0057313787,-0.009260847,-0.0066360105,0.0011749732
2025-01-07,-0.003981109,0.0025560344,-0.00295958,-0.0035153986,-0.0030870491
2025-01-08,-0.020590074,-0.01561331,-0.01581827,-0.014325004,-0.01476444
2025-01-09,0.00026560723,0.0045931633,0.0039263414,0.006855615,0.0022597634
2025-01-10,0.030597271,0.02935747,0.030767359,0.03401702,0.039194938
2025-01-13,-0.0107901525,-0.0068757283,-0.008592528,-0.008457777,-0.0077088606
2025-01-14,-0.0030915206,0.0032114268,0.005508468,0.006165044,0.008836764
2025-01-15,0.007557911,0.0057904725,0.005849097,0.007751446,0.008590563
2025-01-16,0.0015970236,0.0049291416,0.0032245785,0.0063719535,0.0039199716
2025-01-17,0.008832402,0.00219788,-0.0010986007,-0.0014709347,-0.0024530422
2025-01-20,-0.004206681,-0.0067699677,-0.0060310955,-0.0059565795,-0.007149551
2025-01-21,-0.008723454,-0.0027547323,-0.0005926889,0.00045076787,0.0024645699
2025-01-22,0.011264379,0.011875209,0.009065395,0.008642898,0.0112909265
2025-01-23,-0.014655351,-0.0050965995,-0.0031170524,-0.006128341,-0.008239254
2025-01-24,0.0126793925,0.0034989065,0.0011453938,-0.00020366728,0.00067889097
2025-01-27,0.01637717,0.016675055,0.021250725,0.024240158,0.027354999
2025-02-05,0.019120969,0.013928013,0.014002328,0.012143166,0.011800492
2025-02-06,0.026249904,0.005899414,0.008951892,0.006593665,-0.00074020686
2025-02-07,-0.007775737,-0.0052268845,-0.0065657883,-0.0068592406,0.00094028533
2025-02-10,0.024578923,0.013656514,0.011316942,0.010016437,0.003640228
2025-02-11,-0.0077530635,-0.0071196626,-0.0059980582,-0.0029602372,-0.005302491
2025-02-12,0.020763326,0.0069053853,0.0044874,0.00343269,0.0051496928
2025-02-13,0.0007826042,-0.00034207167,-0.000103620885,-0.0016363208,0.0066212104
2025-02-14,-0.026021969,-0.015690975,-0.015222027,-0.014558077,-0.012252901
2025-02-17,0.0246939,0.019269066,0.012659449,0.008881689,0.009278584
2025-02-18,0.0019659745,0.0016817432,0.0017429548,0.0014075902,0.0047008353
2025-02-19,0.03260674,0.009846732,0.010898327,0.0085433135,0.009588772
2025-02-20,-0.0064466977,-0.0019769436,0.0012209849,-0.00011400342,0.00090310094
2025-02-21,-0.009143074,-0.0063306903,-0.011170228,-0.012220268,-0.0103515955
2025-02-24,0.015279966,0.010385466,0.013910965,0.013243163,0.014650703
2025-02-25,-0.008986251,-0.0031341498,-0.001946816,0.0013062161,0.0032615578
2025-02-26,-0.04296686,-0.02563193,-0.018357735,-0.017236756,-0.0192858
2025-02-27,0.0028759688,0.0038601416,0.0045749005,0.0074659293,0.010973718
2025-02-28,0.007281388,0.0052217823,0.005474596,0.009535911,0.0105679855
2025-03-03,-0.0020047606,-0.00039242208,-0.001445795,-0.0013676477,0.0042832857
2025-03-04,0.013463511,0.013359754,0.019094422,0.013540294,0.01591414
2025-03-05,-0.007910319,-0.0032882858,-0.0035354092,-0.0010052776,-0.0053432113
2025-03-06,-0.008912971,0.0005700058,0.0051090303,0.002632253,0.0065466342
2025-03-07,0.0076159257,0.0053689308,0.0046389345,0.0066850977,0.004603505
2025-03-10,-0.0029619695,0.00042850376,-0.0010990561,0.0018048745,-0.0017221457
2025-03-11,-0.0055647455,-0.006031099,-0.008115812,-0.0021978237,-0.0048302654
2025-03-12,0.011830134,0.017700147,0.017434644,0.01856998,0.017340573
2025-03-13,-0.0039082333,0.0007280876,0.00085707265,0.002107191,0.0034202451
2025-03-14,0.0031719608,0.0034184782,0.004658345,0.0025985548,0.0035942812
2025-03-17,-0.011965258,-0.0034492023,-0.00087688846,-0.0015205289,-0.000924108
2025-03-18,-0.010977285,-0.00635914,-0.0045964876,-0.0054015787,-0.0029657125
2025-03-19,-0.017294208,-0.009288828,-0.009115602,-0.009599136,-0.00898426
2025-03-20,-4.1578412e-05,-0.0031186342,-0.0012113036,0.0017673018,-0.0023672683
2025-03-21,-0.0030521823,0.0006898208,0.0054137534,0.0027299474,-0.005009358
2025-03-24,0.00091358303,-0.0009230375,-0.0013358762,0.0013039672,0.00052071095
2025-03-25,-0.0029736494,-0.0013856406,0.00066921505,0.0027272797,0.004523529
2025-03-26,-0.008461493,-0.006398215,-0.0056111733,-0.008384202,-0.006279907
2025-03-27,-0.013993804,-0.0129552055,-0.010549233,-0.011599972,-0.004502473
2025-03-28,0.008920846,0.005575338,0.0090656215,0.01324298,0.010448798
2025-03-31,0.0014881772,0.00028513075,0.00059497356,-0.0009903407,0.00093984365
2025-04-01,-0.0053586476,-0.0061712177,-0.007548594,-0.00463749,-0.0074962443
2025-04-02,-0.09709518,-0.106666505,-0.0921855,-0.08995134,-0.08687199
2025-04-03,0.010914466,0.014640102,0.013908811,0.01628675,0.0038239611
2025-04-07,0.01878111,0.015271265,0.015249809,0.023679769,0.027636433
2025-04-08,0.018434709,0.021681152,0.015601725,0.012926518,0.019514685
2025-04-09,0.0012344974,0.007299762,0.009330573,0.0056400285,0.0014243841
2025-04-10,0.0036707865,0.0073898453,0.010882559,0.008140299,0.009595163
2025-04-11,-0.006269053,-0.005623777,-0.0039396193,-0.0010547126,-0.0022568607
2025-04-14,-0.010431657,-0.0081678815,-0.00907804,-0.007999211,-0.006351124
2025-04-15,0.0017422992,-0.0011238385,-0.0021852052,0.00029820026,0.0028603238
2025-04-16,-0.007848561,0.0009644568,0.0024646325,0.0003091222,0.0035879123
2025-04-17,0.012195269,0.01061578,0.009557021,0.013280915,0.017088573
2025-04-18,-0.0034383135,0.0013084561,0.0005006664,-0.0016758549,-0.004096506
2025-04-21,0.0017988288,-5.3961874e-05,0.0017928246,0.0015996832,0.0021015482
2025-04-22,1.9849538e-05,-0.0042811,-0.0053831586,-0.0033800656,-0.0054597617
2025-04-23,0.0027738106,0.0020862096,0.0048913932,0.004938081,0.0007958573
2025-04-24,-0.0033032626,-0.005546327,-0.0034302706,-0.007339933,-0.009380736
2025-04-25,0.0012750763,0.0018651974,-0.0016134912,-0.0037063276,0.0056104707
2025-04-28,0.0004179138,0.003815133,0.0023057288,0.007048538,0.0012348663
2025-04-29,0.019886576,0.018396633,0.017442057,0.018626051,0.0163308
2025-04-30,-0.0016097724,0.0015706831,0.0054755635,0.0057600862,0.0052018613
2025-05-06,0.0035655403,0.0059037884,0.004385576,0.007288214,0.001390853
2025-05-07,-0.012090611,-0.010802709,-0.007846603,-0.0058563487,-0.0034850664
2025-05-08,0.024916973,0.019128002,0.010060277,0.0066318964,0.0013746459
2025-05-09,-0.0059118215,0.0008522387,0.000930928,0.0024574285,-0.0021154548
2025-05-12,-0.0012449903,0.0052210055,0.005830312,0.0042116954,0.0013912255
2025-05-13,-0.014423673,-0.009910463,-0.0052109337,-0.01425956,-0.017757004
2025-05-14,-0.0021242308,-9.1054826e-05,-7.408857e-05,0.00019670918,0.0010470242
2025-05-15,0.002318868,0.0043207863,0.005441184,0.0019682224,-0.0008405066
2025-05-16,0.006330509,0.0035304881,0.0035588886,0.0035817123,0.004840059
2025-05-19,-0.0010224325,0.001307156,0.00030155134,0.00012611509,0.0036264586
2025-05-20,-0.01073853,-0.010288069,-0.008879798,-0.009066611,-0.007559463
2025-05-21,-0.0047867643,-0.009239386,-0.006587854,-0.00946037,-0.011343794
2025-05-22,0.0017677217,0.00053586543,0.0037176218,0.006679145,0.0046686847
2025-05-23,-0.0003758222,0.0013338614,0.00014630734,-0.0009507281,-0.006247397
2025-05-26,-0.00027116179,-0.005271562,-0.001777451,2.3228526e-05,-0.0005869943
2025-05-27,0.016966054,0.012275731,0.01446844,0.011269905,0.013590038
2025-05-28,-0.006019476,-0.0073522045,-0.0056065763,-0.0071384218,-0.0078039453
2025-05-29,0.010282996,0.004027786,0.0036884642,0.007509544,0.0034435594
2025-05-30,0.0077647893,0.0058968686,0.008887076,0.008172432,0.00800209
2025-06-03,-0.00018794536,0.0048335386,0.0024198508,0.004647689,0.0033208912
2025-06-04,-0.002038542,-0.00084269163,-0.0014984319,0.0014089424,0.0021832723
2025-06-05,0.0069435225,0.010078465,0.007140542,0.0062398952,0.0066466117
2025-06-06,-0.009967824,-0.008909844,-0.00779127,-0.0076803453,-0.005557179
2025-06-09,0.005223387,0.0069506834,0.0062608616,0.0063522593,0.0037458194
2025-06-10,0.0070409263,-0.00020108343,8.9902875e-05,0.00028401436,-0.001883356
2025-06-11,-0.008980308,-0.008952959,-0.011857872,-0.00801307,-0.013343513
2025-06-12,0.0057065533,0.0012667114,0.0020408141,0.0021303564,0.0031783897
2025-06-13,-0.005028199,-0.0015476149,-5.2478314e-05,0.0022210013,-0.0009145921
2025-06-16,-0.0016203678,-0.0013073301,-0.0029609792,-0.0038886147,-0.002235645
2025-06-17,-0.012529747,-0.013737145,-0.010702307,-0.008625842,-0.009738791
2025-06-18,-0.0054595424,-0.0032094938,-0.0051766424,-0.0037413961,-0.0038382648
2025-06-19,0.011078727,0.0053531216,0.005167089,0.0071327914,0.0055006607
2025-06-20,0.01386899,0.010159543,0.014617315,0.018983921,0.018096294
2025-06-23,0.012775924,0.013786302,0.0122540165,0.014788661,0.017818596
2025-06-24,-0.0038053596,-0.0037119025,-0.0052648336,-0.0044145016,-0.0047156527
2025-06-25,0.005842526,0.0041178553,0.0043535507,0.0028091061,0.0060097068
2025-06-26,0.008679874,0.009261182,0.006670131,0.008022158,0.008590526
2025-06-27,0.004360624,0.00501675,0.0048608966,0.00065420684,0.0041636797
2025-06-30,-0.017933005,-0.010759409,-0.0051264074,0.0077288826,0.0044705314
2025-07-01,0.0079244105,0.0015469593,0.0045876377,0.0025651,0.003842441
2025-07-02,0.0044529038,-0.0021758347,-0.0012771302,-0.0045391386,-0.0058180187
2025-07-03,-0.0026079374,-0.000110248926,0.0012936514,0.0020238238,0.0031685794
2025-07-04,0.0130723715,0.010450304,0.008749903,0.011259624,0.014615651
2025-07-07,-0.0033075,-0.00022710681,-0.0016708219,-0.0032225663,-0.0036102606
2025-07-08,0.004870951,0.00766408,0.0070978506,0.007406973,0.004677523
2025-07-09,0.005564728,0.0022815776,0.010751384,0.0073445956,0.0085889045
2025-07-10,-0.0056517916,-0.00017234743,0.0029597008,0.000699209,0.0038351142
2025-07-11,0.00027508437,0.0007550383,-0.0044422788,-0.0051199305,-0.008903039
2025-07-14,-0.0033525343,0.0025279205,0.0034925174,-0.00017850041,0.0016302824
2025-07-15,0.014961612,0.010145288,0.009521328,0.005598088,0.0032110733
2025-07-16,0.0026880873,0.0042392947,0.0031505197,0.005374071,0.0049183057
2025-07-17,0.0077745337,0.009766267,0.011692553,0.015133386,0.01560725
2025-07-18,0.0065446435,0.0066952957,0.009284314,0.014100779,0.018721526
2025-07-21,-0.010561902,-0.00063404086,-0.00052696705,-0.0017696226,0.0007436901
2025-07-22,0.018183334,0.021051848,0.014001209,0.014367258,0.009537041
2025-07-23,-0.0038477068,0.0010294712,0.002030034,-0.0024810089,-0.00036003112
2025-07-24,-0.0037944943,0.0029064864,-0.002296157,-0.0010474611,0.00378771
2025-07-25,0.011026088,0.0055953027,0.0028320062,0.00067153753,0.0015131921
2025-07-28,-0.013387229,-0.0049374974,-0.0038483397,-0.0011970341,-0.002202564
2025-07-29,-0.011850346,-0.015610592,-0.013735123,-0.017287528,-0.018706495
2025-07-30,-0.0055870633,-0.0009021783,-0.0026174837,0.004213062,0.0041185548
2025-07-31,0.008930679,0.009385608,0.0052569755,0.0040608454,0.0071193427
2025-08-01,0.002125116,0.008052612,0.005847335,0.009489792,0.0066479747
2025-08-04,0.008870139,0.0041422574,0.007981265,0.008107254,0.008104035
2025-08-05,-0.001270234,-0.00078557077,-0.0047714994,-0.0022169955,-0.0024519647
2025-08-06,0.00016633332,-0.0021646828,0.0012926928,-0.0035039347,-0.0007228732
2025-08-07,0.0071712895,0.010778911,0.008654155,0.009752928,0.01203738
2025-08-08,0.00063467206,0.00043685734,0.0023584992,0.0021922428,0.006875771
2025-08-11,0.010419398,0.012815613,0.007815617,0.0091366675,0.010264771
2025-08-12,-0.011600053,-0.013033992,-0.009232325,-0.013001404,-0.01332215
2025-08-13,0.034554794,0.022108631,0.016392343,0.017699936,0.009799952
2025-08-14,0.015084257,0.0217584,0.01389196,0.0066739214,0.008584739
2025-08-15,-0.0061653145,-0.0016680044,-0.0011051142,-0.0016320735,-0.0020666374
2025-08-18,0.010866615,0.012308435,0.011565411,0.009954536,0.011458947
2025-08-19,-0.009269253,-0.0032698684,0.0014278931,0.0043605035,0.0029899692
2025-08-20,0.02811556,0.021492718,0.012604687,0.0048865103,0.0033345746
2025-08-21,0.02208672,0.0146630835,0.011161566,0.014674434,0.015066793
2025-08-22,0.00358903,0.0016515404,0.0052084094,0.0009843069,0.00040850043
2025-08-25,-0.01071154,-0.012800194,-0.0187898,-0.022113686,-0.0178932
2025-08-26,0.025473466,0.015849903,0.015652768,0.015159697,0.004179838
2025-08-27,-0.001151768,0.00069973886,0.0062746652,0.0036573536,0.004555568
2025-08-28,0.0075181,0.017159706,0.0054915124,0.0058780527,0.0023616552
2025-08-29,-0.027230596,-0.01697462,-0.019213252,-0.009451223,-0.01637758
2025-09-01,-0.005236873,-0.01810428,-0.016647702,-0.016560603,-0.018914085
2025-09-02,-0.03312778,-0.01223325,-0.009377275,-0.014183674,-0.016606014
2025-09-03,0.043756977,0.021248,0.021652885,0.019151775,0.024704363
2025-09-04,0.014804333,0.009710737,0.017086385,0.014259939,0.012480714
2025-09-05,-0.0031050777,-0.0089602,-0.006930797,-0.0076108426,-0.0070916736
2025-09-08,-0.0060437066,-0.0046298467,-0.0017609217,-0.0026127798,0.0013993311
2025-09-09,0.018295972,0.014127974,0.013942532,0.018904144,0.03864096
2025-09-10,0.0010864026,0.004290547,-0.0018744294,0.0016913336,0.0030719875
2025-09-11,0.003643384,-0.0050509,-0.0029985798,-0.0015686834,-0.0036196953
2025-09-12,0.008702848,0.0066865785,0.0073079355,0.004327828,-0.00013435185
2025-09-15,0.01260762,0.010528576,0.0065902895,0.008156129,0.0061968304
2025-09-16,-0.004484915,-0.010121115,-0.012913051,-0.009663219,-0.013431989
2025-09-17,-0.010198343,-0.00035657108,0.0037328291,-0.00033477903,0.0011498355
2025-09-18,0.015450303,0.0027938408,-0.005482576,-0.0028899396,0.0013011772
2025-09-19,-0.0038689119,-0.0023547716,-0.005645408,-0.0065535577,-0.014446054
2025-09-22,0.02500365,0.015384194,0.01716487,0.019815467,0.018742513
2025-09-23,-0.0012588811,0.00090425136,-0.0030596496,-0.0004004264,0.0055226595
2025-09-24,-0.015273304,-0.008492862,-0.0075579346,-0.0050596446,-0.006999323
2025-09-25,0.017204326,0.009049261,0.0111849625,0.010000923,0.013373487
2025-09-26,0.015438898,0.0047128205,0.005759099,0.007261993,0.0076151583
2025-09-29,0.028180351,0.014204583,0.022985732,0.012681339,0.0114772245
2025-09-30,-0.024899399,-0.010381625,-0.0052510723,0.0006822979,-0.012991321
2025-10-09,0.007286159,-0.0019005382,-0.0060523786,-0.0057345293,-0.015011379
2025-10-10,-0.021214189,-0.012701974,-0.008512767,-0.010263255,-0.030627852
2025-10-13,0.010634107,0.007657665,0.0067964504,0.015389495,0.0155239375
2025-10-14,-0.009818462,-0.008284553,-0.0040803812,-0.0094498135,-0.00947064
2025-10-15,-0.032992717,-0.025823431,-0.02314252,-0.023587473,-0.022776203
2025-10-16,0.0066719176,0.008627526,0.0063747494,0.004667337,0.008699457
2025-10-17,0.009188804,0.011339576,0.011669264,0.015069859,0.022634234
2025-10-20,-0.009678954,-0.007113646,-0.004706925,-0.0072177514,-0.005598774
2025-10-21,-0.0016756594,-0.00030813157,0.001098125,0.0072125215,0.0065351943
2025-10-22,0.01905148,0.011151197,0.007584276,0.0020751536,0.008368532
2025-10-23,0.019567396,0.010082712,0.009927921,0.008521056,0.012044184
2025-10-24,-0.00395496,-0.0010374326,-0.0027121294,-0.002524439,-0.0074168416
2025-10-27,0.024193292,0.017119173,0.013315418,0.013788896,0.010557506
2025-10-28,-0.013186794,-0.012857668,-0.008927996,-0.009207456,-0.004926807
2025-10-29,-0.013065263,-0.007442843,0.0010092747,0.0017436582,0.0041356063
2025-10-30,0.00011888802,0.0038101387,0.0029693884,0.0011917133,0.002557879
2025-10-31,-0.0154154925,-0.014542728,-0.0111564705,-0.011391281,-0.013406729
2025-11-03,0.0116021,0.003644284,0.00045534552,0.001377719,0.0022229003
2025-11-04,0.009738765,0.0057872683,0.007433483,0.012103937,0.02323939
2025-11-05,0.005668672,-0.001927337,-0.0026766001,-0.0009004122,-0.0013160891
2025-11-06,-0.00040860297,0.005860322,0.007671275,0.009274913,0.008642668
2025-11-07,-0.0001799494,-0.0028493928,-0.0036343867,-0.005053629,-0.0063059465
2025-11-10,-0.0062512993,-0.006041764,-0.004247668,-0.008761062,-0.0042289346
2025-11-11,0.020312928,0.013289766,0.008913025,0.007942416,0.011431095
2025-11-12,-0.01928569,-0.010849722,-0.0119347265,-0.008004692,-0.008712877
2025-11-13,0.002442748,-0.002061485,-0.002214285,-0.0011143071,-0.004255108
2025-11-14,-0.017489925,-0.012238727,-0.010832527,-0.010031112,-0.007572472
2025-11-17,-0.0033582079,-0.0015942979,-0.0063381665,-0.0053685713,-0.0042033424
2025-11-18,-0.01190737,-0.007265423,-0.006340894,-0.0062498795,-0.0076914746
2025-11-19,-0.033707544,-0.029775705,-0.032340556,-0.029072627,-0.030261643
2025-11-20,0.011794273,0.009122236,0.0059888572,0.0072571808,0.0047785654
2025-11-21,0.003622718,0.00718085,0.012973876,0.010914948,0.012273164
2025-11-24,-0.0036828094,-0.0016608149,-0.0019004333,0.0006894368,0.00046093346
2025-11-25,-0.0036783796,-0.00370435,-0.0021336235,-0.0002570969,0.0011754
2025-11-26,0.008236436,0.007888282,0.0122062005,0.006202206,0.016441148
2025-11-27,0.004103397,0.006762591,0.011722056,0.014071158,0.012383759
2025-11-28,-0.010826852,-0.0076111667,-0.0066022407,-0.006273133,-0.0036696326
2025-12-01,-0.009251984,-0.003860981,-0.0011388208,-0.003354653,-0.0030926745
2025-12-02,-0.0010972155,-0.001661017,1.6670034e-05,-0.0007265466,0.0030675977
2025-12-03,0.016161801,0.010706425,0.012220449,0.0073932945,0.009832903
2025-12-04,0.009359155,0.005513044,0.005471408,0.0063530994,0.0029670752
2025-12-05,-0.0119245,-0.009706432,-0.009887582,-0.0063404785,-0.008161131
2025-12-08,0.008124272,0.0055878907,0.004616884,0.0051601003,0.0046247784
2025-12-09,-0.00743668,-0.010790067,-0.011864778,-0.010102322,-0.008439471
2025-12-10,0.022295563,0.009749587,0.0077804415,0.0060137236,0.008667481
2025-12-11,-0.0075029107,-0.0048213084,-0.00018882871,-0.0040714038,-0.0061280453
2025-12-12,-0.01785739,-0.014165816,-0.00896333,-0.011517371,-0.012565339
2025-12-15,0.010538868,0.013442955,0.011341359,0.0140322875,0.023437876
2025-12-16,-0.0037956166,-0.0034493995,-0.003110053,-9.0824964e-05,-0.0033354217
2025-12-17,0.0098984,0.010215568,0.010391731,0.010444617,0.010759616
2025-12-18,0.010113896,0.0083458545,0.0059448523,0.004688836,0.0095802825
2025-12-19,-0.004889546,-0.0037786365,-0.00450006,-0.004346582,0.0041375584
2025-12-22,0.018303309,0.015289595,0.010293844,0.005853361,0.007179662
2025-12-23,0.008249728,0.00718803,0.0032459123,0.008157151,0.0074162125
2025-12-24,0.009220425,0.0070754443,0.004274511,0.0034228617,0.0010127639
2025-12-25,-0.005275653,-0.002078228,-0.00028867065,-0.0056969314,-0.0076484177
2025-12-26,0.0050337235,0.0016137493,-0.0007365304,-0.00022768676,-0.00071110367
2025-12-29,0.01112699,-0.0021437579,-0.002667858,1.7838478e-05,0.0010715043
2025-12-30,0.01626347,0.024752805,0.016543653,0.020714484,0.021486033
2025-12-31,0.026332771,0.020501938,0.014324038,0.016900457,0.0191827
